Product Name,Adspy,Competition,First Appearance Date,Offer,Method,LP Status,TT Status,Meta Status,TT Post IDs,Final URL,Creatives,Launch Date,Found by,"Feedback 
Loop"
Trunk Horror Prop,"https://www.instagram.com/reel/Ddb7uPzx9gA/?stkn=aWFodzFjMzB0cDhi
https://www.instagram.com/reel/Ddb9dcGRfqr/?stkn=MWx2eXphaXlzb3diMw==
https://www.instagram.com/reel/Ddb9pdhRzL1/?stkn=MW42OWg5bXZ3NTN3Yw==
https://www.instagram.com/reel/Ddb9ubIxGf9/?stkn=MWY0bXNnOTc2cXI2cw==
https://www.instagram.com/reel/DdeK5TTRqw7/?stkn=eTd1NG92OHNjNWs4
https://www.instagram.com/reel/Ddf21fzxRpc/?stkn=MWN4bG93YzFjazF2eg==
https://www.instagram.com/reel/Ddf27RmRWlS/?stkn=d3pqM2wwbHM0Mmp6
https://www.instagram.com/reel/Ddf3Fv-RLmY/?stkn=MWdiaTRnbm5kNTl4Zw==
https://www.instagram.com/reel/Ddh6ASmRN8D/?stkn=MXdheTZnMGM0M2QwMw==
https://www.instagram.com/reel/Ddh6ES_REyO/?stkn=N2xxZG0wcmxmOHRw
https://www.instagram.com/reel/Ddh6G_uxiGs/?stkn=YXZubmhmODNsM3d1
https://www.instagram.com/reel/Ddh6KhyxO6R/?stkn=OWEyb2U1YjBmeTUy
https://www.instagram.com/reel/Ddk4i-VxhQE/?stkn=bGJ5NDJ2dHg5dGdl
https://www.instagram.com/reel/Ddk4mWuxTyH/?stkn=d3N6MGwzdGhvcnRv
https://www.instagram.com/reel/Ddk4pEhRDA1/?stkn=a3RwNWpyMGdsMWhl",https://www.trunkterror.com/products/horror-trunk-kit,18th September ***,"Sale Price: $39.90
Comparison Price: $79.80
Offer: Bogo",Algo,Running,Running,N/A,"#izKVxiIJ6zlUO2bIGsEBVwVdD0UgoeHfOZ9Ag91wgFWs9B6qQh0cAvv+qYjKyVY=
#MhQEJvEucI3gR0d89yVWsqi2Iipgjehy+nkVO7O+rDr0N1BLH3o3MJZpYUxAasM=
#vG3WdMUznBV2WdG+F6VUh4kgXps6OteO4zMBdYwNoUOlVsDn67C87vZfUEahkv8=
#Fz/jHJ2S5g49VmkkGon5HbRWhG+m/iIrgiaHRXpfvpmLQzryxki8Go+ZRwlE51k=
#cdPg8dw0abu1uP76SWKb32dgJE/KQMGzctjF+yCn3dK7/ugshr6YiaWnhQfAW3I=
#52OEJcsduWb+rJ+QywqimAVU5cVE0EiEa+Gowy6TILIiE9+/BKRardmrRaBA58s=
#MzItkIZ7pdsYkQQwdfqL4cPdEAyva8QlI56PuWEs0RjGADXBs1ZrMA4vYLOq9NI=
#scWiEASsZ6wKMe4IPgTGbXX9CCAJdfxWLy8ls4WmAe3D9CtuQzPSmdcerdTeAQk=
#mNeXliNhVDd+Ej4jY45ZJv5daoNl0r+46zLcwPjWjFzfsnCUA6QfpSRirZHfTL0=
#VpfrBYeHukiwb6sT4qdwtGh2KTm0wa9Ndo3e9kYLUrk1fajzlZ5d15ytiZgdpO8=
#Cog4Kg6RYkXRjt46MOOjoJSWW/3JJniwaV7OC1sJ3liHB1NpUycs8odzuEuWOt0=
#zJ/4wQN7mFBBxIjJtoM0FvCiuxV7nWpKtwD1rG8N30MXU7bAo2VI8MhX7M6HqcA=
#Q7NCRRFWHH8A0R8MSHFfqIH4A+8yZQIbqMTWAyX2peCZH7bUqFx6G/UdKRsYsEg=
#JIp5BBsMvpr78PuQ/+sl5vsdrIqn/YsZttUS/DtHeydSUfTQbWHb9EFI55VaZjQ=
#3qjD4nezPXumuswicxUYdCZWs0bGcls4x0G8TbsWLYs7D1DZo5jstHlBv7khJSM=",https://solenelife.com/products/horror-trunk-prop-life-size-halloween-car-decoration,,9/26/2026,I,
The Freaky Nikki Costume,"https://vm.tiktok.com/ZN8My63PS/
https://vm.tiktok.com/ZN8My6Dx9/
https://vm.tiktok.com/ZN8MyLv8A/
https://vm.tiktok.com/ZN8Myf7ck/
https://vm.tiktok.com/ZN8MyB7Hh/
https://vm.tiktok.com/ZN8MyFu2q/
https://vm.tiktok.com/ZN8MySjGQ/
https://vm.tiktok.com/ZN8My8nk1/
https://vm.tiktok.com/ZN8MyBv2d/
https://vm.tiktok.com/ZN8MyPFgr/
https://vm.tiktok.com/ZN8MyuSgp/
https://vm.tiktok.com/ZN8My8fBr/
https://vm.tiktok.com/ZN8MyyGwb/
https://vm.tiktok.com/ZN8MyjoL2/
https://vm.tiktok.com/ZN8MyP36a/
https://vm.tiktok.com/ZN8MyYm3b/
https://vm.tiktok.com/ZN8MyBCNr/
https://vm.tiktok.com/ZN8MyDxv4/
https://vm.tiktok.com/ZN8Myjyxj/
https://vm.tiktok.com/ZN8My2tqd/
https://vm.tiktok.com/ZN8MyPSag/
https://vm.tiktok.com/ZN8MyaDBL/
https://vm.tiktok.com/ZN8My5U8c/
https://vm.tiktok.com/ZN8MyjBuq/
https://vm.tiktok.com/ZN8MyPuGW/
https://vm.tiktok.com/ZN8My2krx/
https://vm.tiktok.com/ZN8MyD7MX/
https://vm.tiktok.com/ZN8MyrfCN/
https://vm.tiktok.com/ZN8MyMBhT/
https://vm.tiktok.com/ZN8MyL3kn/
https://vm.tiktok.com/ZN8MyfVoF/
https://vm.tiktok.com/ZN8MyNBgK/
https://vm.tiktok.com/ZN8MyDpGM/
https://vm.tiktok.com/ZN8MyaQB2/
https://vm.tiktok.com/ZN8MymE9w/
https://vm.tiktok.com/ZN8Myha3d/
https://vm.tiktok.com/ZN8Myy5Sn/
https://vm.tiktok.com/ZN8My6bsV/
https://vm.tiktok.com/ZN8My55M2/
https://vm.tiktok.com/ZN8MyjcDV/
https://vm.tiktok.com/ZN8MyU3ks/
https://vm.tiktok.com/ZN8Mykseo/
https://vm.tiktok.com/ZN8My57SS/
https://vm.tiktok.com/ZN8MymvXd/
https://vm.tiktok.com/ZN8Myuo81/
https://vm.tiktok.com/ZN8MyY4xS/
https://vm.tiktok.com/ZN8MyuArV/
https://vm.tiktok.com/ZN8MyLBn7/
https://vm.tiktok.com/ZN8MySdQu/
https://vm.tiktok.com/ZN8My6fQT/
https://vm.tiktok.com/ZN8Myacgb/
https://vm.tiktok.com/ZN8MyHYpB/
https://vm.tiktok.com/ZN8My2Gy4/
https://vm.tiktok.com/ZN8MyM1NC/
https://vm.tiktok.com/ZN8MyjB5c/
https://vm.tiktok.com/ZN8MyySHy/
https://vm.tiktok.com/ZN8My8S44/
https://vm.tiktok.com/ZN8MymxQB/",https://www.dollskill.com/products/freaky-nikki-zebra-halter-top?cf=red,,"Sale Price: $39.90
Comparison Price: $79.80
Offer: Bogo",Algo,Running,Running,N/A,"#vS5NPrO2NNvySGsaE6QT88Fa5pGR+yTF/N9oq8BHU+BlJvXSJf4wYh8SLtHq+2M=
#0oKVli4BErTYqSPWT9HOnCu+M8IvCiRBZHlYkfdtiaNUt/dV8goMgm5VkbVTJqc=
#Fr0YrpAFqeZJKwwDVdovIvpKhfpJeeVw9Mdb5Qcp4OeV8zLYVP3Uzz/Hs02z/Rc=
#BFePzCBdg5lQCGMNbcXGW/ntlc8E4nrUt0sSwJ1Iu3PEuNdv7o6I6d0o04ZOyFA=
#tIhpR/DO06YGI/6tWFGvg0AOLV7xJKZPR3BBeylGZ1BF7GHLWMt1Y2eSoCug6PY=
#4LP4HyI5EAYRkbCBeQla2wGmWv+uZMcaLly2S02yt1bnZQrIacgfNT73BVGuI8A=
#0o0kEcTRMRk4acBbwkY4OYFDMzPmpdJCcHnqo/RoRLvBesrIuwYmmQskcbDGSEM=
#PV7OryUzuGNM6K7GH2P2ARrgswOp0I3hH8RIbzQ4U3PC3CTpQsIwVGX8BzyhDjU=
#u4RSMeTh0ewGFV7CVYG8ZpmYTjZ6/k1U2qUdQlUlA1s5aZxR4RSrdaHACB2FnRw=
#3boFYLcL3GD7r47u0AFuhhJMHsTZVvy5k8OOjeHnHVwI3m/1Ak2q07oepylEQBo=
#uaZRfkEctPa5/rzLn0hkCRiffFWDHTOLT/wNJwx/iCs5XaPfnz3gK042Nf1Xi00=
#5Sm0++VulqL2i+GYbStNsD2AbkrHEF/PaOEN/fsZ/Go2UlvWB3Y8JzoGL02DN0Y=
#+Khh2cNXFnynudqycHyoW0W/zDDoH2zECkO3/qGMhyLN0DN8aDvB21TWmSX1dIk=
#D+LMg/f2o3XSFYwRvZskiSvZyibGc/XF9wYJupzVwYhAsnXyme9+tAHpgHijIlM=
#EjYbK4wFpaY8G22BA7GxT/fXC6Ow+v/ajZP0zXXyd5i1UoPOnv0MMIPvNSbP52w=
#iuiN6FEZITPimyghyTEcnN9jmLtvOMeVlwZV4hR0aKVKbPMUFjxhke8FKNTDZbU=
#YDAxJxL14NfGfkrteh6s8Gb3uWd4uAu2oOWl3aY6bzRmSTCkCtgGNOL0WV2LOyM=
#ubcI1YE3GR2ptBcI/eNh9tlCS00GhTpM7cSKq1ABnwueVis/jsQklr4JQqrcP9g=
#QatEvAuzGRLdVhnvM8/jjmJTtOJDRX8fM6KkkHG/4kzQ/jdxaXdVu3RPcVoMUsw=
#ndvIoG8MLJfv7X5aEIdkOSR7xPwIr+afiBWf+ZUxwGEuLglrOYkAynxp4JhCYMM=
#KJPfqA2QyjHK8cH4X3itriJ75Midoua+zzHG++7C12c+Jc7s4KtmNBC/bHLYP+Q=
#AUs4CkzjdYcnlt1YdEr8O18LQUWQHo5GIx1PFByEkI+gD81/z22nqwUSJqV/vl4=
#DmbAqhEiYyjL4NQXf0F+gKlHCNwb74azMLfee6IUvlyUl5gmLKe6ax5Tqetktug=
#UJ12CHKeW6yCv5hxh1PgjRV4XyT6xP9DlsWOBjvlRCh8EPGfkQcx/wyRVyaI/+I=
#hdT0wQRUhMBaLQaboyUtt2GONh/eFEfcV+OuwUw5J4KekJalkgA5Dcbsw3MRGQU=
#KtIQkmblTZnR9KcH9ELdIwz+9NnEQ+0wrufPV5x+lQNgx3oyCqWkWgbGOpdJbj4=
#u9Y6LXFDEOUZ5HFytc7TFtGKCY50LZnDhxpwDqT6iwyWZDYjYqL1L0AWtQT/0jw=
#aL9LZ1q4/YKBFLp+05NOE8IOR0lt/pCxpI6eoiDKC8KjS6i4HtOAfPuQcPyryAA=
#wAj11Sce6fmprIH2e7hau7/HvXoscdnW1n0BwCBDH57R/rXhHI//ilBeRBYouDo=
#x1d1XQNPmvdgRILD4S5bE7iJl0SFljw3HtvlE7LIxUQOmomNHJrWntxki5pcAPc=
#ietnHqQB5sD6l+5YXi4HelnCWDE1gz4uPM4xpompAF9c4gceoeuKexDkUJ6Bjv8=
#wBbqkpu6HtrgFjxtZ2CmEwxI3sEjshQiOOSsuNDVGLWGlfsQxIpeeUcJAS8Kbks=
#rEDZT9WgJAiK/9LkaQQwLy0EccJl245+upPnaJvszHjhmWFvYl7hg5gTPG8dsOc=
#RkMYALZWeKGYPG2dRZobaYLNyAg70xxV7+GBL5MExXkpqg1DFHKDOpS/SgsrbPc=
#VlJ38FmCojX2UAGrU14awPSy719EJkd1sVLtCcz+RcZMbKn6UQUhYsz3BUkz3dU=
#5acaOog5RjLY0JL20nLb6GDDF/ZkWC92x+quQ1EpNHOPq1FIJ8gEW/xKGCbwLXs=
#VgN9nqcYVXLE6NAToTtBUDnk+HpjoKF1WQISQ5lkX5cvNfRwAPkbVWzfo5Ulip4=
#9OJGvuPulQIxCV3UVX0jECZUREmxW+/uIRmN0C3BKqobD2fGj9FJqmgg0WdDHsE=
#ZqUh1g+aGKz3mfLpgMpq7UVqYtYYkzXVUaMm+nORmJKwjaC51ZPE3EWAzKck0WI=
#M5ZC/qakH6xiiH6U+JAbxqFHqF0vvm6NL1MQT485yK8oBnh5wSZoqNVxJBzqGd0=

Batch 2 

#n2jsHI0y24Bh8np8pk1at/0vHH2N9TlQ6mOoQR5mMRIhuUk6YTsvIQk1pZ7GS6o=
#0ZvZ9OATA7ir9z2CkxyVUolksQEkWkZhTLCpEMa/UEudmCrTUjQUREiDyGvcWhk=
#mOQhliXLAHvXsSH3A5RetPuihUAeW3qivl6jbksO2RPor2dtFSIJFZ3a4aGcols=
#hKRX+ufbMMXaDgGpGySoUPgwiyWJ8Ey+f0VK89jn4YxdDjC2iqkr7XYKP2Y45ww=
#t1QYq4AA8TE6frCKrGQALWmOJ1Bl6u8r9UuIkI2jHNWTR1Wi7AQ7iv/ywuVyzkg=
#RAKx4MX9BDWn3k7ilOTaHe7nQgoVkvkLagej5f6TGpWWUhxn99/Jp7AilC11kLo=
#c5lUtpFrGws6Czkw2N5lBFRPXYdkiw4qoWt9ZY7ty7F3VABJKjWgTdAHzWgx0gI=
#S6ropMYq3ZVBvL8pJDbSe9Pv1CdpgQuuLTHCrFYxcIMiJHRWep/3U/5hIiFGQU8=
#PXL+AqgBfZYPRKvUMceGctxgbet3tgzDmXTR/L65gPtwBC4m1agUtuZqZnfd2Hw=
#xIy5ida6WtcieXOYjXijZ4jdKR+nvX0v2eQTQynwzD8D3wzsKJEvex6VoZ0Gs0I=
#IQ7yyHSsaQMKRlmUkryzhlDy08jBXDxi3Fgdpfh3pNg46ught3V7YhIOKq+us34=
#WbSfjJVi4d+qxJ1NXVs3bKjzxRE1xaq51mdb4bqm+kpZgGCrsYPClpydiKK+LTA=
#0MmJv4sdelCVK8uuPvSUCQFxr7lzoQ2xpVAiOyun6ApXQ5rTm1ME+V6nkPKp5sw=
#XhGYes8OXB2Igv+Kob74eZl7+e/8VHZFUXo+ZrBoHUF5IVQ8u9pdlNFmEeQ5hAY=
#HXCuMjgcLXuvOplDUP+OIokiy5E9GtiBfWf+IEF79ypNwEai2mEODH6oJq0hv/Y=",https://solenelife.com/products/red-zebra-print-halter-top,,9/26/2026,I,
Glow Panel - Illuminated Wall Art,"https://vm.tiktok.com/ZN8MyAfwU/
https://vm.tiktok.com/ZN8Myaek7/
https://vm.tiktok.com/ZN8MyLTw8/
https://vm.tiktok.com/ZN8Myk7vx/
https://vm.tiktok.com/ZN8MyHdT2/
https://vm.tiktok.com/ZN8MyfNgM/
https://vm.tiktok.com/ZN8Mya2G1/
https://vm.tiktok.com/ZN8My98Qx/
https://vm.tiktok.com/ZN8MyrXAM/
https://vm.tiktok.com/ZN8MyAtCv/
https://vm.tiktok.com/ZN8My2hat/
https://vm.tiktok.com/ZN8Mymj5h/
https://vm.tiktok.com/ZN8Myr5CV/
https://vm.tiktok.com/ZN8MyNety/
https://vm.tiktok.com/ZN8My53BU/
https://vm.tiktok.com/ZN8My5rBp/
https://vm.tiktok.com/ZN8MyBXWF/
https://vm.tiktok.com/ZN8My5XJR/
https://vm.tiktok.com/ZN8MyFWYp/
https://vm.tiktok.com/ZN8MyucEE/
https://vm.tiktok.com/ZN8MyB2MQ/
https://vm.tiktok.com/ZN8Myy5nE/
https://vm.tiktok.com/ZN8Mya4sD/
https://vm.tiktok.com/ZN8Myrk7P/
https://vm.tiktok.com/ZN8My6ktj/
https://vm.tiktok.com/ZN8MyU7Up/
https://vm.tiktok.com/ZN8My2W3S/
https://vm.tiktok.com/ZN8MyBj3d/
https://vm.tiktok.com/ZN8MyYsHY/
https://vm.tiktok.com/ZN8MyU7CR/
https://vm.tiktok.com/ZN8Myjcsc/
https://vm.tiktok.com/ZN8My9B2d/
https://vm.tiktok.com/ZN8MyhcaW/
https://vm.tiktok.com/ZN8MyAh4A/
https://vm.tiktok.com/ZN8MyrEUG/
https://vm.tiktok.com/ZN8MyP8cN/
https://vm.tiktok.com/ZN8MyPYe8/
https://vm.tiktok.com/ZN8MySCPH/
https://vm.tiktok.com/ZN8Myud2f/
https://vm.tiktok.com/ZN8My8WkR/
https://vm.tiktok.com/ZN8My2Cyd/
https://vm.tiktok.com/ZN8My9hRN/
https://vm.tiktok.com/ZN8MyrfWQ/
https://vm.tiktok.com/ZN8MyACDe/
https://vm.tiktok.com/ZN8Myu4uY/
https://vm.tiktok.com/ZN8MyHSud/
https://vm.tiktok.com/ZN8MyMpKU/
https://vm.tiktok.com/ZN8MyBWHE/
https://vm.tiktok.com/ZN8MyMDpH/","https://bibikstore.ru/rassvet-zakat1

https://bibikstore.ru/polnoch1 ",,"Sale Price: $39.90
Comparison Price: $79.80
Offer: Bogo",Algo,Lesson,Lesson,N/A,"#FoCA7KFOo21yFr0MfdEJy4HdFdbw4bHHlfFeyE14r6jxj52XT2fGsVBz/LI8nj4=
#PDLFDHhOaogldgp2jwtuXkmjcxzBUodMXJzlboq/uN8bCqZw192UO4spVI7cw9A=
#Nx4wG5TEhpo6tqTIYi0K8GfnQj/Z9pJmTRWrcIR7kU7XpZLRQSJfasMXT5CuW/4=
#GT5pD666drR1NPk4wQaD4JFYcHNxtCAKIaK9GSLd+FpG7vQ3XplCaKWNw2QanQk=
#tkYOQ9buXcPYP5XekXRtl2CK/oP9WRQTCd9Mg1rTQ0VGLngrC757so6RKEFwWzk=
#h06ok3JyMg9wAbl417gJxcbEQWznF6DtLDxqWb2iA/yW38bwAK1j4Lv7zu41xG8=
#zcb71+tfAERUShmUC19CPrT488LRuFyATkmh/Zo8buD7jp4ing/zmH0yBa5J2P0=
#nGUgbnEb+FAjOaJbXTkZOfszP6KxEr+Rj9P2GmOOOQ567w4/NUpt5RqaL87Ur+I=
#ZJrV87dKe1hJm3Dt1byOP39/OwtfDXFnxp3C7dh6s6g72cXY8vAl9GBJY6I2B24=
#q14IxYnHc1aZEo8/OX1hmQ3g8kx2IhQkzi7Epa2bCI9g/AwEoLtOW6ga5A3QO00=
#FeTFPK6Uy4vPghtSsuUQlDRNBccgI6W7oNkRzDBHZiD67sjP1ynBP2kjYIr3ELk=
#NWcCDttYhnNT8m9vp0N4jPpD14PBfoVZF1zCusEQTvNUhs4qPrfXVV8eieC76w8=
#8uBIYg8GLyuHegyJtgAsdy3hH9Ji868ypppBXOWx15Q9BSmO4Gv6uIhsOtuLR6w=
#FAWDFt/4WIgTmdXX6o2CJrfnEYLmd1i2R+ompjG1yb4IQ7BwKG052yiqQSK0sZ8=
#3/iWFI0+cdS4l/AVy9kayYES24cmw3Zlj97oMpKllb7h5r8FIVX1Ev5Apu6q1Bw=
#tIX6FX/nY3cgJehKk8f0CM4ZOsSGd/4RwZIB/bqWVVG6IRgLI8tFXBoSaWlqWcU=
#6iB0Gb6j2tAz1f68b407I8Xf39Tpe7mnFrIYcNZNIYky9xr/pf+PHWT/d2UJYUI=
#aFe2Wkj3dWaMbT4ZGsmz3w8WAezqljE2kcE9b6BuRs4GaYNTXVneDy/f5ViCcDc=
#GUJECsKrucqOhPVtcqlu/THebHKQg5HVji/6sswKPnSI3sokhAEXinqaZ/A8+RM=
#LA0OgmMFdTRrPH87GtBsmx1xHUn5Xgg3pQfA4xTmgtH0ZeUk59a90bUpHRiXH2M=
#5GjI+PmvVShhDETsIKOM4h4RiooAV04w9MR6CM9d6Q0OjYZ06UGAC+XdDv5dg/I=
#w5iNBkpyM7KCgbRYhLMXjxa69kY9aIMcbYtpsVALV/QOLMXiBQpWyGY5+9sCnkU=
#UlAsTgqLeZ8ouyyhAqCkfcEdVrvGh7kitb8m2aoZyI85OwhaOH0GDLKeRHJuYPo=
#HmYMP6bBLaJV4/sALRoczwmyc0y6Dgvpf58mfv+1mLUWuwToyVcAHkgrSBdvl+s=
#ZKi0oIuYdEhszy/2n588t+MO71lhTXX0pkXkCLWnz4Y6u3WmPGJVFSoZJLgSDWI=
#EI5NSKtleudy6vLutEwZO+Eqrg+x/0BC+/UUhFKgvBtoyUupxq/LkuxWwA9kBQY=
#cGli2nXNaG9vbjkP6XyjcQLW1YKbHMBr1Sr3FNiZ9JBJpBd5JjjjmLnlpPKYgd8=
#3Nb74nNLbVgXm2lXksFpHX3ctJ20SJ/VIk7NLRbOcrNMubRGMDhG7ask+Ttcfb4=
#sRhSBRQAW11q4DE0nBu/XbqNFbaLde9P3jSzfnc1rwPNczxjK3nJHsS5QcEd5TI=
#nJLoibQ461v70zihsrkAHdlylnRT5fVOVltgjd6A2YgY0gBozvxISG/8T4Ex8cA=
#9YgVWlws/nF87MHcTTWx7hzQAkFz88GJW5Z1LjFbScUaoB8VN/DJk+u8biEja5I=
#xrcs4ti0Er4tWkO9IOQFnSPbc8rJ5+3DWNk3Guvw5mFp3jRKPSqOS+xprq3zP6I=
#gD++06miCvbYJfG/WHvbhBYW/QRyFGVtE3H+Bd6jtsAiQ6E0h4JQ+UOt7WiONLI=
#96xEz3gd/v7QmxmLSX0NrNk1Gd6M1dHdfm8KMWiO5jn7EULYPagHIqgl7mL1LsE=
#+cPpBOlUYpmahhOWdQ2gH0pjYMPnIIuD90XoJ4ZsVRDpIwAwieKyNnJui2+N/eg=
#VfiaTPDKiVJwdc3qbHPyIqsREV70PiUVXA/uubSyf9jYRPf2pBSPtlWUbc+5+oE=
#OyPB1e7LfA0pABIt5v+kuEj5wyqxr/PpFX7Gr1gvx+pxZxAx9nJ4UgdcKu5kWgU=
#Pga0dLXJQjVn2rj9ihVkiPPf/YZIIBlcmqwlrkFEAfTvS79X4xfRW1JMg9ZlDiQ=
#KWYnXkPOml7cnX1l58gtm84Aa5P3UQkQKtDZDGCafC8dbP77pYoW6W7l501ybYw=
#AWfkT2SgwdboMr61RingE8FISbpKfD9eFRza+jpHnrlrJMdG+6mSFVE77n5vFS4=
#cM1ElP5H6BzuOvw1fSVQPbc+lC/jBtxZSiFdmy2PfsTk4QAV8c1b1eGosTqSO3o=
#69a6z/q0JsqHlGGhq2J+5bUmRFgrIpFW1LwX7aFrDMvxRk8zpSe07RUE9G/Y5I0=
#UX0SOvMB94CuJyr0LXdmOGoPRt7saYRKn1tcbmX6Ucm0YtrGuIoldQaUTd4zz7c=
#LRHFcYLTw9VnbFs7wzEJbAdm+9F+OvpRRJZkr/3sroACaaybnl3ZxhhZ3khZJgw=
#9XNdIAJHNbSF085RJxtldLYJuyzcyzBTj6lQqO229o0MdYQWgpEyluH2nsX2T/0=
#J1E6+fClliVKqcypzifsAK+U2Hv6qRtiz5zlkROr092RZ2pYIYHzyST9lkh4rPs=
#QwcGQsfsP8FzJqNpQxc4MbisrdfkZIIiAIEW6Nb49CqQjNRgI9PpbcpP3XVLjBs=
#uZjZ8MbDvWM6uFJwCMO6R/TGE0g+tdE1kVAe5lpIo3xULjMFNc10XQmdrOXVi8k=
#PlYk3L2h0dk/yY9lGn0fkNJcqSY+cp7m7gI76LTRJbe6PhQZXDXcBkNmr7Nmee8=",https://solenelife.com/products/glow-panel-illuminated-wall-art,,9/26/2026,I,
Bling Ghostface Collection,"https://vm.tiktok.com/ZN8MHPsg1/
https://vm.tiktok.com/ZN8MHQ5DW/
https://vm.tiktok.com/ZN8MH5Nmh/
https://vm.tiktok.com/ZN8MH4yrU/
https://vm.tiktok.com/ZN8MHsQKf/
https://vm.tiktok.com/ZN8M92KFk/
https://vm.tiktok.com/ZN8MHKUh5/
https://vm.tiktok.com/ZN8MHwhV4/
https://vm.tiktok.com/ZN8M9N1p5/
https://vm.tiktok.com/ZN8MHTn7f/
https://vm.tiktok.com/ZN8M9BdCJ/
https://vm.tiktok.com/ZN8M98HjU/
https://vm.tiktok.com/ZN8M9jQA1/
https://vm.tiktok.com/ZN8M9BFkd/
https://vm.tiktok.com/ZN8M9e6GT/
https://vm.tiktok.com/ZN8M9ebPy/
https://vm.tiktok.com/ZN8M9Sxyt/
https://vm.tiktok.com/ZN8MHwwsu/
https://vm.tiktok.com/ZN8M9LwNV/
https://vm.tiktok.com/ZN8M9SYoJ/
https://vm.tiktok.com/ZN8MHKADc/
https://vm.tiktok.com/ZN8M9M7kB/
https://vm.tiktok.com/ZN8M9jUjm/
https://vm.tiktok.com/ZN8M9FtdS/
https://vm.tiktok.com/ZN8M98n75/
https://vm.tiktok.com/ZN8MHo2u4/
https://vm.tiktok.com/ZN8M9RERW/
https://vm.tiktok.com/ZN8MHwpnG/
https://vm.tiktok.com/ZN8M9MMYA/
https://vm.tiktok.com/ZN8M9JjaX/
https://vm.tiktok.com/ZN8M9dRYT/
https://vm.tiktok.com/ZN8M91vr5/
https://vm.tiktok.com/ZN8M9BvCW/
https://vm.tiktok.com/ZN8MHwsFq/
https://vm.tiktok.com/ZN8M9Nv3d/
https://vm.tiktok.com/ZN8M9NCwh/
https://vm.tiktok.com/ZN8M9Sn9G/
https://vm.tiktok.com/ZN8M91mnN/
https://vm.tiktok.com/ZN8M9LTdq/
https://vm.tiktok.com/ZN8M9Spfh/
https://vm.tiktok.com/ZN8MHEPW3/
https://vm.tiktok.com/ZN8M96h81/
https://vm.tiktok.com/ZN8MHTLQA/
https://vm.tiktok.com/ZN8M96Yoh/
https://vm.tiktok.com/ZN8MH3Eaq/
https://vm.tiktok.com/ZN8M9dsQF/
https://vm.tiktok.com/ZN8M9LGan/
https://vm.tiktok.com/ZN8MHoSvS/
https://vm.tiktok.com/ZN8M9N2yJ/
https://vm.tiktok.com/ZN8M9k9DD/
https://vm.tiktok.com/ZN8M966bR/
https://vm.tiktok.com/ZN8MHoQbt/
https://vm.tiktok.com/ZN8MHEMCp/
https://vm.tiktok.com/ZN8M9MBxs/
https://vm.tiktok.com/ZN8M9jmQy/
https://vm.tiktok.com/ZN8MHExaf/
https://vm.tiktok.com/ZN8M9kwJD/
https://vm.tiktok.com/ZN8M98S6U/
https://vm.tiktok.com/ZN8M9d26t/
https://vm.tiktok.com/ZN8M9rWf7/
https://vm.tiktok.com/ZN8M96f5R/
https://vm.tiktok.com/ZN8MHTtw3/
https://vm.tiktok.com/ZN8M91N31/
https://vm.tiktok.com/ZN8M9eEbN/
https://vm.tiktok.com/ZN8MHKc1Y/
https://vm.tiktok.com/ZN8M9eftT/
https://vm.tiktok.com/ZN8MHKPeA/
https://vm.tiktok.com/ZN8M9BaX8/
https://vm.tiktok.com/ZN8M9dsYN/
https://vm.tiktok.com/ZN8M9YRf1/
https://vm.tiktok.com/ZN8M9RUqQ/
https://vm.tiktok.com/ZN8M9jHst/
https://vm.tiktok.com/ZN8M96xmV/
https://vm.tiktok.com/ZN8M9dcRw/
https://vm.tiktok.com/ZN8M9kyhU/
https://vm.tiktok.com/ZN8M9hX7N/
https://vm.tiktok.com/ZN8M9hJfJ/
https://vm.tiktok.com/ZN8M9joVM/",https://www.etsy.com/ie/listing/4360095387/ghostface-halloween-bling-mask?ls=s&ga_order=most_relevant&ga_search_type=all&ga_view_type=gallery&ga_search_query=bling+ghostface+mask&ref=sr_gallery-1-2&sr_prefetch=1&pf_from=search&sts=1&content_source=fc85714b-348b-490a-b290-e8fa9135f153%253ALT7bf833cd187084352dbad51da78749e026efca18&organic_search_click=1&logging_key=fc85714b-348b-490a-b290-e8fa9135f153%3ALT7bf833cd187084352dbad51da78749e026efca18,,"Sale Price: $39.90
Comparison Price: $79.80
Offer: Bogo",Algo,Running,Running,N/A,"Batch #1

#lahn74JpMGqtbSr7khUNBY5ZeuNWtVpLtunQ1co+FLL58qBkcJ+Q6lC0ID0gnrs=
#EIpcR5iG2T3rscH76vHu2DAYDmkzWuGv8r08kG/zglzzszXrWGdU3O+xZA6uLH8=
#SulT6+8rD8W+vjcfNgzPdaDIdetL/rHExfoIaQCSFbM++M4m75rbwD588GCc0ZE=
#dsoRh1y2nG5A8Jt8GH28hZr+t4SwxleNFVWZexvNq1xlU8ybMRGaPKkR6T91Kkc=
#1cCPQyz477jwTctcetFi+eSJWd9RFzS8ZqjnUbS+WZBoaYIWSsnbo6b57F/qtYY=
#24/33IuU9et1F13UQhE22JmLOAmejEc1VP/tftPEVyjw/b5jiek4fIJbXqefSiw=
#Asr+sTIYQqpm4B7QmOXvBL6Hlp4O+5rgScM5t1LzYav/vDQ2WT0PxywoaRPU+UE=
#KhmPQjpx9mWynuSVXrd0/7u4Ojg0xv6ivO4qKAGuX60k24ovpy5Q6VElQs95aQ4=
#Vf+OI8+H0grYBy+xITlSUIYRpIF4MP3vlQ+VI/27d1QJv+MzfZy6iJ4ilbJbhrs=
#n3ZeLaNpi9BUcolODtDUaq4doNw5dIVhOPMzfB2slMmerGZS1KYx7C+qJtIUPRg=
#y0W9zJxdKInbRK9uJ9EEjSgWGUNUGTmJ6N9YTbhJAAHdFTHqjAGhtDheUqvZPZE=
#14h6nCwyKlOqk1cFAH9h4VpxZBCZiPX6cGy0vTY+v+xWMGVsnk/+YVI8F3Nqqzg=
#pCRrvWoMcPKJRBgHmGyPFBt10JBaBJomUFXuFs0hRajrx+WR3ERBxbsgwFKOGN8=
#MxJzuR0PxrO/Uv6YdXmN9lhYBnIt2XPweWGF0KtXIdfMjVuTeMiHFVrY/KaxVbs=
#XUJF4GNnUj5KmLGsD/hx6VMBAIecXsVUomHhP8rbomH7Gq/mjA7eTgZ0dHNoRZk=
#KfF297uXQOVvBUz3cfWtvoYYVQlqRtEhJSpqbjZ0Tm6KveoHoxg3+Ul1YYwqZp4=
#jsF0yvk3aQ6WlxOhelYNkThdHr1fGbvcu+XLaz/wAWR8mj9TS84vv9c9tKwisTU=
#RbawI6TpGtjxtGsV5QYrbVu+jxSM3+QVIPzfXsj+KEwhZ8KfhXG4GKAbf8llIz4=
#qG4wBaSDSo6b7xUUQ6u4PSDcBnbe2j6BirkPIjXLKzKsXX8Gt5OTNvYKe9hXs7I=
#g8ZvvZjiiNlT0g1wEhJSGtcv135z2wgnWUrw5fhwngRMCA4IJj2gVVJFFviM6ns=
#2uC2ZTLcIUiod6kI2RpvmhG31mYQbUPGylwi5oMzMhKvtUJ/V7qvm+p69GO2pFg=
#5bDAvPXSSZ38cCuAo486oeSmqPopuHcly60Ai9yhpBKhPXakv3qfqEYvMvbcCK4=
#i3dYkuM+qbkUXCkirovok6/vbWrX6Wy+B6jP8JT17rxD/jBIYOdGMvSruM5Tycw=
#AKi8yy9M11eBwNUeevW5yo70nWQNry0U1l9dv2LM5xpeH4PotiMDAJNRW425oso=
#jYLUVncpcvjfYr4dd8s4A6CR87+yjK7ET+7jvfTcMywSuCKSwqoiD6q+m2BmiWo=
#hx/RntnfyPP6Le2UxipM4ZcuMkz+Se4PND9m6nPdI4NcKqngEiQ9Akenh7k45rM=
#M5RW79J6FAvBGgd7XTEb1u8AnoxcMjHUbhYYaO2iifJEJ6yw+LLyBKEH77zutVk=
#i0jO0oGJVQHSiHYHgL+EisnawhrAeKzeL2VxN43erfI94lej2q+iRtIA0twxHrA=
#eMHRNq5UG+ojHNcEWLMwGir7eigZU2hra11z4okGpEEhJyf8OwLqLbpAfCj8K/A=
#IY8y0MHJpPK51OT0suYJU0f1Tg3flqCN8bR0w2iYr3BAkqa61BalyZsB9XT8Ceg=
#jLfRrw//9Do1uIKzcR9phux1AdjDQAZZCiIRLn+OkZZkwaGC7MoEaeNZ+65ser8=
#Wbr1U5c4gksooJl7IZJ9AcPoQidXWr0XNSyxxbFxrwjl198pP9j0KG+Ybqy6i/I=
#ahCS5BT41uy2iqkbShZ/TwHsGcLkUlp73hS7KtHJnPE3juSFI9NH5PChsazYPq0=
#Xmj7+KdFByIACKRXFcSgIx5lBBDUL0Fo7rxmSW4IDW71ysCGHF0ISC6LdPaXxug=
#h73smDSS5wUvoIqBChcB8bxCXh7KIb5iEWgV76QojeMzbcl4SUQmuJMRkyh9aCE=
#iaBxQuyMGoQc0k0L6QpaJjRbPEn3VP9IoShGguNvcJhvCpo6j63qSj7Ugv6B5xI=
#gEcDwMeePhlLo36L4qyunNnSOWSMS3hZSDvqpc+la8fUjf5gXGvVjIkQx+O/gZQ=
#ZhLZE3vFl5zpBNRCw0Q5M+Pkx9VJ4JDJHkeo2JAZ6P30NHqh2FnhU0hS4jb3d3o=
#/rbfx3unwsC4BHor+1zDapB32Ry2dnJ+U74ByQ4ENfFbvjrYzyKgCE4nIOOYx1g=
#/mOrNibM2yF+7tA9f0LjQAZjDmRERrws/Rax1kDhi9/TuzVkRJnYOAENEpyZt0E=


Batch #2
#mT4QLeLFXT3Cp52UfGDX1jVPthFa8/u+5nr2acGlq3obSNBl6ob3IVk0V0n3k18=
#sYzKaYRXQ2ZA0MRyGdy22KO+Df2+BKs6ez2CEyWnqaYgJNrb2ijUwIWRwgM8DUo=
#DRgPqO3QJbQ+hAm8ehEV1XFtNC7FVroMmpoOukJMUjqYZP3RJqNgXrLjp/OSWTE=
#tYIsLp9txCV+aamXYNrtjmSZ3nhaSXXvesBet/CBJAqtRqEULEzClq+M6iWWDT0=
#RYA0V1RAo9wgxewcSIfJzA+bihB/r8tQDGgKyg0JhGH34Ig5XsyJqmVu/Fvk3zc=
#VDJqNSn6vzT+vxKPonqGttsFWwg1M8t1ZQtf+d+A/LjNdNWzBO1vVByI4dR1LvM=
#ZECpFE4ruFivpawHCcfY1vBU7Ggbht0zK3CqatSLJlpfnG/I0rDO3hXgxHecZO0=
#LjB7ATbhKjkRAUKDKvkiB4/edtO7FsiiW7SRUHFpjh5rLEDGqcM6G4wronA74LE=
#tIEyOATdefZhT07pol7Ms7+EZi/rOIkEFFclASpPA+xzF/ZjfAQyL2doavXT24s=
#wZGboHozqtUa/T3mbEVO1FDvBWNoAHIbteWk/raJbwghaScJcnrv/9X/AvWat6A=
#MNkVLpeekufHx5fvi52+YamUX35Nzgq3bp44M18oFy2K4xu9bOFs1xjc7Yw8laQ=
#ZiS4VZZ8swrfbxurPdRl4Tq9MJhcUegsqzBF/nwl2OrSN1D6cdTvvuYmwgGwPVA=
#WyykNtqb8q11vnMqHe3LrRC0pmaLd0Ncqiqm5fZUDOn0/XTGqfP+704DP73H4rE=
#2LbsmyrrRh8+PA1tr9HF8+XVoLhPDunwJiHEW6I9nan/Un5Xvx3JnJFhIj98rQ4=
#z0EF+M1/P6ZdHTmxyVH7iMjuTs3ChoGhdk1239MzAJfYf+G9xHX0q4rqZmtQbkw=
#TD1acmR8kbtulKCs0cMuM6C3L2CqrjoJAxkIzJXBjVx1s/mG3Sf8rUQBSuYkBZY=
#4OvQvYF5kIjgDfBAcgdHMczHTwjYgzaZtDfAb49Gtawh6fuLadTNCSJ6SqANiOI=
#T1h6AIXdFC+ik44cL4+dc9dJvAMVMfemV4yXfGcC2+QVAo4PSj/u6eUgGb62Zo0=
#4mJlu2pJJ/v0St1M+LTsPQ0PXWYQVbUx8I5zpoTUds6vdg+TC/psVyiSMLckWYU=
#4fjHM6IeI+fVQcpR7ZaoLuC8ukrXmQi0UjEE1TolOwkL7gTgmj7DNkv31BQj/uU=
#m+1+P4yLpykR69hec5ZU0zR0VAapzWEP4WMMM6VilVga0NpiBvIU289vhW2PAHw=
#DLnPBw3VYibkzgjSfcbVLyk3XQDjyzA7Khmcl4vP+U6DnzcBbkQnxru65mebyq0=
#vAOGCNwdSI4eOZfhna5didh7hFO33po7JYaQ9BNKMlJT5XGLU9CZi6gi//FgUDk=
#JcMb9tRnZ0TfnFDuEveMj3zK4IOPLI8FSDmghcUjINPE+CYSKv7q6uqjJc4hzBA=
#XrV8dgAKVayxKaocBQz1+ZSBc6Nn+zP7PvAvrZcs9kDAistqORdOB36EiIEuCg0=
#1LL1ud6F+RaEKKNFo3Q0GdEm/FrM4SEFg2s/4WNXjlTONf2AywS8S8Y9S/GVvhc=
#1SC+PwFnTlX8oNYeZkMcWTskEVnr2iLMSMi5Wyht5ci9xa83ubQ/abPwvBUd3xo=
#3Q7HqIXm26KdR0pA621vxS3wSUZO6AOe2SwezNuLlscaJlp04hotOQokd2tCLqw=
#HGx0rBaxdPEPHI7M8JD04uOlWsEQ5mxndIEZKQSTINwQbjxKPy4cRFPkcF1re2Y=
#lIO8EjAicQq4k5DORerE1y+qOjL1+d87egC3kW+5BlBkErSE6y0bCZZlcYD6Oiw=
#lnBU86+na+VpB6/AkwMHXMYke7CUJ+UwgFTGncGeLVGpR11AOfmPFZBP9oOQvvk=
#c1QnQUB0J4ymKViQ8avEPAitc/3MMqZW5o1vxBbi/HlOeN00lzvtS6v/+q1srao=
#rAV1N6FA5UTedV6eWADXD0sBrygedNnyqrGFmG7VvjYXZ//LGWxL+jFULVNAYXE=
#b5s8HtMgi+kI4dQK6wZ0yiGRzP3N+62kAduD+JtHXyQFFHYfSUZiqMj4ij65wbQ=
#mmLKF8z+IoQwWanudtAbCmGgwyQrb4dQG04Z2ep0o3MUJIOqJ3aaF2y4VIIHgS8=
#8kDZ8qIPDCqK6vOKNgv9RblJIXL9GyOyedRL78tNAD3OPas1Cs5sAvKZAIlkLp4=
#mKt7zJ/mm8b5r5BbF0oRSiEPVk9ufR+6ig1k+aIkI7APp1zn1ts8iSp5lCSVGBQ=",https://solenelife.com/products/bling-rhinestone-ghost-mask,,9/26/2026,I,
Skull Candle Warmer,"https://vm.tiktok.com/ZN8MHQG7m/
https://vm.tiktok.com/ZN8MHmUAk/
https://vm.tiktok.com/ZN8MHH6ST/
https://vm.tiktok.com/ZN8MHXKjF/
https://vm.tiktok.com/ZN8MH5pfx/
https://vm.tiktok.com/ZN8MHvdm9/
https://vm.tiktok.com/ZN8MHqjad/
https://vm.tiktok.com/ZN8MHbQuY/
https://vm.tiktok.com/ZN8MHQo87/
https://vm.tiktok.com/ZN8MHuYkG/
https://vm.tiktok.com/ZN8MHWxbd/
https://vm.tiktok.com/ZN8MH5thK/
https://vm.tiktok.com/ZN8MH7Ryf/
https://vm.tiktok.com/ZN8MHprLN/
https://vm.tiktok.com/ZN8MHaBkp/
https://vm.tiktok.com/ZN8MHPkaC/
https://vm.tiktok.com/ZN8MHWMfL/
https://vm.tiktok.com/ZN8MH7w3d/
https://vm.tiktok.com/ZN8MHmYH9/
https://vm.tiktok.com/ZN8MHuvSr/
https://vm.tiktok.com/ZN8MHgJ57/
https://vm.tiktok.com/ZN8MHv4Ju/
https://vm.tiktok.com/ZN8MHQ54J/
https://vm.tiktok.com/ZN8MHpCsg/
https://vm.tiktok.com/ZN8MHm4jT/
https://vm.tiktok.com/ZN8MHny4k/
https://vm.tiktok.com/ZN8MHPQqR/
https://vm.tiktok.com/ZN8MHVt9y/
https://vm.tiktok.com/ZN8MHmdMR/
https://vm.tiktok.com/ZN8MHV9cU/
https://vm.tiktok.com/ZN8MHm7QD/
https://vm.tiktok.com/ZN8MHuBTe/
https://vm.tiktok.com/ZN8MHWUkE/
https://vm.tiktok.com/ZN8MHpj9Q/
https://vm.tiktok.com/ZN8MHtjbA/
https://vm.tiktok.com/ZN8MHtewC/
https://vm.tiktok.com/ZN8MH5p1r/
https://vm.tiktok.com/ZN8MHcgpL/
https://vm.tiktok.com/ZN8MHqDPy/
https://vm.tiktok.com/ZN8MHGaPW/
https://vm.tiktok.com/ZN8MHbAXa/
https://vm.tiktok.com/ZN8MHqMNK/
https://vm.tiktok.com/ZN8MH9deX/
https://vm.tiktok.com/ZN8MHmMeW/
https://vm.tiktok.com/ZN8MH73Vy/",https://www.amazon.com/Candle-Warmer-Dimmer-Candles-Included/dp/B0GFPBVVLQ/ref=sr_1_2_sspa?dib=eyJ2IjoiMSJ9.hVmbCgCY6AxDBk8rjnr8-pnJJBsJpmo5EL-x1sByISy98Gwp0JWrRTV3pAZaBrg5D5bjXHKckXqfvDo2yslVsSgBxrwIdM1UqZwf8QbFBscdmSjRhdGmMyUY3_r6bElrgsP-fmju8KMS6ztdMfUW4qMrfZd9uJHl6_Fvat97w2CV3fu8o0anKxkqaVzDwRUhLzpEXwvXwlL1OogW_I47WluBuwf-G3bjnP5EdSZqJMmMfhdX701j03F-ppUVml-Ctw8UVyh8iSDpGGHCQUH_sM64sGPDeSaaxCqTEEDDLvA._A4IR0REPtxiua4eKMA_ge-3MxBUoo0dSgPHM4OEsYg&dib_tag=se&keywords=skull%2Bcandle%2Bwarmer%2Blamp&qid=1790156347&sr=8-2-spons&sp_csd=d2lkZ2V0TmFtZT1zcF9hdGY&th=1,,"Sale Price: $39.90
Comparison Price: $79.80
Offer: Bogo",Algo,Running,Running,N/A,"#PA+HSgXkxhl4laLvmpz78E/75X5u+0I+gpS734iLshvE29L6RaxomcXFv8+1LSc=
#bAh3mL6WODWvPGdoXPf+ILU/zKHLwIwha5nT7e6BHYHs/VxxDtCwBZkRakAvVx0=
#RcdZgMSlYmnkCi9dSUiVhZdlwpUUZMV9qBEiCFvCXgskFBVOhNdigTqjMdXNfE0=
#y8fTl2wH5/p11c3yOcpiOqMyKEnW0brxtf1QPi2EZ27jwhcC+3k3kMECAECWxp8=
#0YyMpSdaLNmvNAH1B4is/K6eSeECIQUzU+2dh8xrKKpi8aG85p8Y9t/VL7FDctk=
#jCOh1cHCLZA5oiGN/R04Q61+rty5o6hjJDIpyfNG4qAwfJBTWjyXJ3zgDjzHu5s=
#Fn7DkStut5J0u4pOVn4YkSJPbF7jsBjWAANUqeYDBWhaNEUG/ntk+bFBQABlVDE=
#ctYJ4xtOS+ZxyLORe+wQSR0Xif6ipvLKj6PUqBXUdsHRfU9GtFSl0w/Bta6tV88=
#uEqE8+mCNWKLZrEinzAqpRBffgFs/pc0dw1edADB+cEw3nGM6qA2qO+4UxF9Dqg=
#9P7HB9DT+T2cQaomKGBPAUcF0nR2yvGmTtilDKRmD20VpOZIoRx1lBleqcoJMXw=
#nUReu3UEQifBTFfW41Mvuc1buN/xc6vC4NeV/qw4RWI8dayi0TYweafO6YtQbDk=
#KEKqVc2MmGkrL2y8TvGnvRdSaw2Q8+mR2R5jiRpfVKUcj6wRy3IDklkc18ggktw=
#iUAMAcIQ5PMz8QBZWXDwNiGuom/YYU0I7fEu7m2ru2GSu9Ylh6Lh5/pAwE9TCng=
#yrRYuSb+K6JavnYrdUam6+qPNNg1YvfvA262NNqzpDImHQHwD2s7ZVj0b9+xO6A=
#Hwf3FPK2VySGeBiw88272b85eaYQVLxxFVjB1TiCVsaaEKqUVRzzXXg0dz/+HY4=
#QjHUmPg4ehq0Wj6XV3rnV529die2qnBzX20m0+0TNzQgiFRoM2S49vOS5bRQMEg=
#HDO2yhRAmsjWjM2A8+mvTi0UdfE5r6eHUbdgoD7bmeo5Us7w8F3ybex4xF4Yqtc=
#GkGQGDbS6hH0zFLLMO+arh1riesuUSSpN6sXRhMOrskWo/osjMf+AAcqIDIkZkk=
#NkJBZfBHLBkrJaQkRuuiEJagTQ8f09ZtlTLsJge8o+YjR03IuTnuOb3tSi8IegQ=
#RJNS5zgyH/lO5BdgOcNgbGOJkJA39gEx/V4LTS0ruEuA2zGZrM5E8b/wz8Qo41E=
#f4xcpzge7Qf1ASCz8eyopTrJWPqR5WtMnzeIO2BIQbEkHJtew8zVqg0dKnbrmHg=
#RVqD7XQpLCukYuC0RvnINK9n/TLYo/JDcwNukAFAEWcWMEIv9FB/DBewyuUnQsE=
#nSlC23HuKPwJQ3aKi469hI5JrkGRo2a2hLBcyn+0Wjpg2BF3Ia91YYynzRKS78s=
#SJ/xioF348RYCoeJCVmBD+7OWQIpHzGGUswCKllGVgcl2LQx8fCkHG8PB2Eue88=
#VIcbD8ZFjIdMz/uNLWxlYcLFtDK2sePQ5mOFaauFB2Gu2TFtaFqug7pNEkljabs=
#iS+b2qWmT1mXBUAbmpM+B+orZJt7v/RumQ7H1y32YbdMrrSwI8lrsexxYchuxho=
#StyK9hHfVekneXtpIVnDnVxY+v/oBBZVDn0evk3L05fvG/w01bPYM8QmpUu1U9o=
#cm0tCmiQR8zt71opqw1sLIuYDyh+u5jsp+JGRpQbJ87RoZ2+zBAExMw2hhX4VqM=
#CJOBGqa1UCnitSZxK4URxrJ/QRFwWGsKHLwkd3mOu25/OsALDN3WXceLrGdRWs0=
#Fo0W67Hgev2f3odIx/Q0U5F5z91yQPjklK5e39dVSItTz9zaoWr74PLZ6Y+kpng=
#aL+t4XdgN/ziITyFKokUPGZsHGkt6f3tcs4U6zs8ZHYRAEjXPqTx0bWSC98DlB8=
#jephRJasmyIlyl4nJwipJCd4PiK28z2BZWYRUH+LEAiA6uesg4VqZSjYhH0iNqs=
#Sr+lLYLW5HBAjN6FUWLDKrNaoABjtP3L3yr8epxUW2jgBruDFvciTp/siOxoo4o=
#YoMNslhto3l0d5PbZrhV2KwS4icl34YP8WZgEp3VWNAHxG8VaOiX8C9Qp/+Z1go=
#ESxPdP33jKc/a0swbJVUScoPtE7p3zLrdqW3wNhZtBvBBjfBs+Y3yHf246Vr69M=
#9QVV6HbjhNVlZh786Mc/t3PehOrWgEqv5IMFza1DTqltk73UbweIo762Hmkhtbw=
#7S6vhKE5gIu/mpJyJeru1R2XRSM1erCplkSyKzT7tokzbW/P5UAbnyk41EEKbTA=
#b2IYWLu/NaERHUDD3nBpWF9RQJuRzNZ5pdn1sY8Bcfqy6NpNji4x4eG7AoFwOc0=
#4Pv+wxgUGXjihThpsN7sA8jhnYEZOFwjB1/i9HVjILnDQhBXox8TutH/AiqLYm8=
#SVRu1k6IjdnA5nqnjicbWXUikkV97TUg3kU21ihfzSb0ciz7z/C16d9t74DkFX4=
#P2LwYOECiqD1KMPp22XIGEZ8bpbQzCxKdtxforoB5d+jfBPeacuTiQHE2Z0hofo=
#FRas01WkediouMJcwIFFA8VpA+baCV8tAPqnXxEEC/nfjdVV+XGiFDD7xztJSCE=
#ujeqy4Zxfao/WuvgaOLtqF7fcslDJ67gCmDrXlMALg6qHTGNz6xtpingK8DeLlY=
#qmh/wZb+UTB1XpGvyJGuWSEdSWBSVFq0x9XB+iNEEvLzKXx/0GeBTh4xWCmobBM=
#mp3hhYzB6+KquMxH0r0bCb1C4aLJt1deEZosdxc3JfYS9msJXUuSjd3kH8e/GFE=",https://solenelife.com/products/skull-candle-warmer-lamp,,9/28/2026,I,
Swinging Ghost Decor,"https://vm.tiktok.com/ZN8M9PETB/
https://vm.tiktok.com/ZN8M94wG2/
https://vm.tiktok.com/ZN8M9poen/
https://vm.tiktok.com/ZN8M9G5dD/
https://vm.tiktok.com/ZN8M9x1E6/
https://vm.tiktok.com/ZN8M9xJRe/
https://vm.tiktok.com/ZN8M9qF8G/
https://vm.tiktok.com/ZN8M9XPRo/
https://vm.tiktok.com/ZN8M9VX3A/
https://vm.tiktok.com/ZN8M9bfgb/
https://vm.tiktok.com/ZN8M9CS4a/
https://vm.tiktok.com/ZN8M9Un68/
https://vm.tiktok.com/ZN8M9PbJA/
https://vm.tiktok.com/ZN8M9484Y/
https://vm.tiktok.com/ZN8M95M9T/
https://vm.tiktok.com/ZN8M9yv23/
https://vm.tiktok.com/ZN8M9fu5D/
https://vm.tiktok.com/ZN8M9mWcL/
https://vm.tiktok.com/ZN8M9gEg5/
https://vm.tiktok.com/ZN8M9VhQU/
https://vm.tiktok.com/ZN8M99ouR/
https://vm.tiktok.com/ZN8M9qmMg/
https://vm.tiktok.com/ZN8M9QejJ/
https://vm.tiktok.com/ZN8M9sUcn/
https://vm.tiktok.com/ZN8M9tmJB/
https://vm.tiktok.com/ZN8M94vUY/
https://vm.tiktok.com/ZN8M9uWTJ/
https://vm.tiktok.com/ZN8M9sLPo/
https://vm.tiktok.com/ZN8M9bV8e/
https://vm.tiktok.com/ZN8M9sGWh/
https://vm.tiktok.com/ZN8M9CkEs/
https://vm.tiktok.com/ZN8M9gcjq/
https://vm.tiktok.com/ZN8M9UjR5/
https://vm.tiktok.com/ZN8M9btHd/
https://vm.tiktok.com/ZN8M9tCLm/
https://vm.tiktok.com/ZN8M9CWoE/
https://vm.tiktok.com/ZN8M9aFM2/
https://vm.tiktok.com/ZN8M9fhNS/
https://vm.tiktok.com/ZN8M9QhMs/
https://vm.tiktok.com/ZN8M9AHNQ/
https://vm.tiktok.com/ZN8M9VHeu/
https://vm.tiktok.com/ZN8M9GTSH/
https://vm.tiktok.com/ZN8M9bBvN/
https://vm.tiktok.com/ZN8M9bB35/
https://vm.tiktok.com/ZN8M9AS6Q/
https://vm.tiktok.com/ZN8M95hWS/
https://vm.tiktok.com/ZN8M9DXod/
https://vm.tiktok.com/ZN8M9Qvup/
https://vm.tiktok.com/ZN8M9bmnX/
https://vm.tiktok.com/ZN8M9XnSw/
https://vm.tiktok.com/ZN8M9adPa/
https://vm.tiktok.com/ZN8M9xKSk/
https://vm.tiktok.com/ZN8M9VUhJ/
https://vm.tiktok.com/ZN8M9C9cL/
https://vm.tiktok.com/ZN8M9QQng/
https://vm.tiktok.com/ZN8M9QepJ/
https://vm.tiktok.com/ZN8M9X9L8/
https://vm.tiktok.com/ZN8M9Q2Tw/
https://vm.tiktok.com/ZN8M9913X/
https://vm.tiktok.com/ZN8M99e1N/
https://vm.tiktok.com/ZN8M9aVXA/
https://vm.tiktok.com/ZN8M9pTcM/
https://vm.tiktok.com/ZN8M9bbcg/
https://vm.tiktok.com/ZN8M9Agcm/
https://vm.tiktok.com/ZN8M9bvxU/
https://vm.tiktok.com/ZN8M9yJhd/",https://www.amazon.com/AYGXU-Halloween-Decorations-Outdoor-Indoor-5-3ft/dp/B0GYXBWWDB/ref=sr_1_10?dib=eyJ2IjoiMSJ9.dXimYWRmXS2JO_bxUQAsHcMBzlpW6TP-1cUEvbHhRAVtn8wedJBqcLGLIXlY86win1CBqt7IzUGtFV9YJoky6kc31RksN60UBx5Q6GMoP1jT-KpcFIQYVKrEJ_xqirwhYAv8H8JA5eDqwKHwpaY3Hu9YSbnU2ICnTERmpvUu_fEsFRd7Plzq73NCeNuZ-lx_XSWTlncK7ZfiH63fAqKRedu3RtcYDhWDbyzGlGPnxBgEXA_7BuVEhNg4oYo6XPt-KIaYU-EHtJvjKItewIQsG2PO3TRLnus6WU6TPeTs8HQ.sPBVgdrkec27biUm6Bw6IuM1TGIhGER3NT96G-T_6-8&dib_tag=se&keywords=halloween+swinging+ghost&qid=1790159961&sr=8-10,,"Sale Price: $39.90
Comparison Price: $79.80
Offer: Bogo",Algo,Running,Running,N/A,"#iTrC1Y75cnADUq9FtismGgld3d0LufjhCdZDE6SLTJSjY/mVzHRLL+oo+lAGnlI=
#87q4lGHgNs2Lb1+iT184ThHfmaPZsxNq8l01QMc2nJqYHeaK6ZW204Tfao5qzLo=
#cYNzlrtqRjcYVSDVuLaP3H1ygQ7eOM8ObuP9KD3ecEOddoBml8qNf5iABg74+U8=
#hAf9cCFMRYMUWHhSzu70M25FrPOGcCbAqTN4DpieQTBzBN/yBmAfjiOsbMYJYNI=
#ElDtrc3BOUZDUjIPY9sWLaVNeQ1C//Y/BNjCMvxsSVH6f0QJDCW5adn9x2+Zu50=
#SHmuxc94yPwCaxu9xKpMOkadzCbdLLUheTU6QnPowK3O0fmEiYjbn7FHEW8eP60=
#ZIUsd8hyhGDq26JTkZABubipvZthSB5q2IUu/+5niu9JhZQ5i459vO3BuUCDPC0=
#cfIIpd+ngMAstkUKl/Qk2JvgqK9zWQ5a+8bHuvPgNsYIPbyUf7kATvsN6l4g7ic=
#EaUu+TrzxC+WsgQct6Os2KkpqSRAvAIsAGy014w7WHVbwrHx/VlBqcsU6uK4ZTI=
#PXHfnONgJc/cjLsAy8XrRhAhzS35ops+mr4/ku8qEEhLTdSaDy04CwWWi/ppY1M=
#A+Z9sf50381s2WVQvPExn0yltejD3zMw8FMTBKfDOTzvuK5fXzosv7pNLEqecl4=
#hGKz4h5SxbuiGssndJdQrxRHltsrrOunFsz/QPEtspKS2ahBNsmEdEDADTlzccg=
#+y+gpckU3iuatNUhv7b7jbQfxe6Vlj0gwW4jE2gzDb6ZLhikNQBeSmGn2Fm0b/A=
#Qv90oHH8QyuhpIBviNCJ7uBVSO+7pI/dFm6STtBn4wI7kTXIChosp5sUu4prx7A=
#kwQwu5shzh8/XqbnCBbHHtbeqz8B0yZsX4q+IFtT+RoNfpUyPbLSya87gG3S//I=
#dPS4YZ2EnLltqxgyvYGspsIwh1vZYiZBb4nmd/RoDJEsVoS2rsk5YZWMXz52tXM=
#TexbG0JKhjoy9lD/ZqKqizLrwwRbbZimJSt+DxSdoc8QCwsB8uwd+sNNLvcxshA=
#MtkbQWHdoPPecV/UVashp91j/BO3QROM2O3jrC5gsIknNOIx04ROBpJnQzA9p5s=
#j/buoOpf3um1Y97amlZopjJnyK8+egk/F0Sey3YZeNq1HUm0dLN821cC0droolA=
#Zyz5qlIPe/9Ik8KLvVCHlVftHL8K5oFTjeBrnS/vz+5l7QIu6TQxEDJH1D4sFsU=
#BqO/toZ9hWunJgICrnOCjBlF5LMKYSsBRw5lV+aL/o1o0Ruxt/gVhXOSTLwSp00=
#b2Y+TbCFe5JLwirf0LWaehKP/55t+3l0I4C3j8YCwtdWElxR+d2kviVsFNCDIdE=
#N7Alzyu7hdufhmPwr0B5bLn6F/l16KmQfp4kBxMiNU5M/KrX48iiRTza6dgy9LM=
#rAERB4U1IsD4LMooeR1JXSBlLufSwZax8sRP9aA/p4SjntpCB8Gx20pBzzD7Pko=
#ud/ygH5/pwPpzQsfDouHaC3E2xCcqqy/t/tj6g/tafhrDAU1HA4l6ktIH+PFQbg=
#GUmAbZna6Bcdp3Fld7af7o6Wls94KnpYUSAfC8EjCDSciItflsbfrIjHAmIN334=
#xwWzIbYcnyDEuAORPSy43bw+jsHlCcuZ5rFDCClCbG6D51WquDpRz8IwqnW69Yc=
#QM9QJOdG+p2rmsjaNf15D2Q2fA4AOE9Dg9CMCR4SQPV5OgLd83u0MT4CgNYirnk=
#EvlyGBHIcIiD+s+ERQbw3OqJ1QqfAVw7QjkD5Dr2NGOETpSYUNcuL2O2ewx1Vus=
#4gJnHRxw6vp4qDolo26DmI8N/ZfAldR0QKlLrfw2IRn9UWNsJfTA4vC20DuZb6c=
#9Cpy1Z6rcaggiQFfNATaGpY3sMG7csGyH62eP9utBPfnjD9WftlDHk9djoTetf8=
#dRVkpkgCG/XsUohyah5dsahS8AOJQzB2L3HQ3JWQ7KW/sPc9k+w7zaTE7a8dY8k=
#nqk09j7WJkPo+rjNK/fsmvh8xDFKmJfSlp3JjKEDEkh1cFlmh73byran5eYuZ8I=
#ilrzAdauS0+lS6ZBCOv+Sfl1T1jzhyXG5VeurolqBLYtj0lvnekb+0tkxZz7p7M=
#Z96ziqD4Hk/hqTzL+XGzzqDvNZ2Uxtp5KD9PEKga8g2WBEw6rTxfzly/FldNqrE=
#gZIhIyKdTN5XsLA5/RA2TEqQ6u3qrRIgQz3QFXZdBQ/gfoV/oQSjwFO8LWRFrlk=
#1SzDgfWHQIPKbnYYELQVbKqqWOhPqxGZm45l7s6CmYB+yEakX2FfLalVQZUYylI=
#mn7QRp85hAObv3eMQ3V8215+o5SJENUlnVKHKcaRwFfx8yRw9GJPzXHOdA6nIw4=
#9ZnnTuTv5lPOhLwGwLa86A6ot0ngtle12Vc/RU4gF0IGq3vjV4WZBPPnEqDurDk=
#4fN4q64GLS6ao5svBCIOLq9sB81KSNZ5bF764CQCTVELp0jfigZ0f6DwWMULPCg=

Batch 2

#r6lLCdlHTfTOExcYhi57ESx0TTbt5nrnTqqE6A0KfZ/imJsgcDt4jMjVupwVO5U=
#B6XjBdDYvOmQjRVNFaxlhdKCLwO1WSfXMzN0l1VufvhzBt32SHW3E6rGSE/l+Jk=
#bJyLFYIWC36Qyo99vbw/gEG9XbliMxfMjDAFrq1/dFFT1GtuxOdqrQX3Y/raizY=
#FqV/toXIm5k/LS1SDd6xuccyO2gj7KlH8y2pqRcP2sdT1FG+2fRhFLbU0eWPLHU=
#GNxw+ikAfx1TOCXnfKiOM1kjiXmFsKAe5KFhuNK1ufOzM/WFBU0Gh9ie4bj8hcM=
#Hk7XW9aQdfofe1pqTavsYIee5rcA46Z/dQlE+X8kcw2ZqXY4YiUWWC8xqSlMAGk=
#wSIosGCsZLMgSnNEqIosw7sKjFyvS2nxOc/7+dvH9ygkMbJUcKwBh1imne+uu/A=
#FeB39w19Nnta2CMKhs7ArsjSM25VKgSdP5eA+W98bX4sPQzKC02T3WvbhWfUEcQ=
#7jYNWiKwgO5VhonN0c7F8LtY94O0blOFjkAniHosIdocklHPKFGuwIkzcm7rimA=
#Ps3OIGjWTMAwLr5VVxmyn6lyG46rymHe3myhkCj1rKt9utfUM4AwlEEUghlE20E=
#XnTIzUN5uMYfc5RsAd/YziK+4WzNGfWLn2hc/2ijL6KTzcbjLC0IP6/KOuj2ATc=
#5Zi3ewkoOb8XibgUhHo8q11NHDQg+PMtzOfIEhm1RS8aPczs/ErAZVpTH87idG4=
#iMHxhEK7TG/q++TPWxnwarHHIK7zCJdjapc/+2jhdAWWLIkAt2ijFg8Qb+fz5zk=
#ANCZu/XGu4VzVT3M8lnlRJLwEhN96W7FaM43CymyLiBuLHyhT6ThJa5iGqW71tM=
#4XmvxSDuABH4/gqwAkimZN9o+6CdfOMYEKfnru0Fz9Ia9NSLVsdIuAOQP7AA7mM=
#3EQ2vsJVvn1wp33iTInF0fwPzHfSeT9bMx0mY1o/S9URlFYvZcrcovXv/8ieUWQ=
#zOR3WZ2+/w9zN2oOEQPcIW9mFi0BxZHUOq7V8R7Pf4x86APZkIxj9AozFM8hJ9M=
#gTRDU+yKadulQrbfSQiFEsv2PudVWHqSNrAKwI/NmheNGKV9NeK7oo59fQ9Z5NY=
#e9ihqJCqnOl95SzJk1R8KKA8jGCaTeMnr6ZAfc2LVCORMm/EcCV+E9e4NnSrLoU=
#scebjBc8YBsKxseF30jg8hOlw/EDv/0zYt+1zBMptA1YRPEjkvMKuyh67aPb5a4=
#gk+2UmsxuqvAF6KqhFiXrrlHwR0JFdh4SWV7I4WCvGMcFoKm4J2lv+D6vXACyTY=
#Y4Po51TmGrayHQcKVKtL+w2uvGJCrUOov6lrFsrW3JE9xQxR+jow/fUozhBTzsM=
#Q6nrtrOS1XM7TVx4a/G4tB8/TTvXjvcfMeYUifvouxjef7Wngpmux2g4UWS0moA=
#CM8G2kOBzyG+jJfVjIbdxeJL+Ng8aH6+wV2sbO9B5Vp6LBY3jIP/DO+lbxZJPCw=
#pHt0doRx11kffbCZcssBqjYW44jUjV5RTgn2KluRo59G7udh0nLKE7H2SkuHa78=
#E7umcXH+E+deZIOYSlRDM3YoGAWV5PEtNj60MUwtfreKS1rqTtbyPvEFe/3neu0=",https://solenelife.com/products/swinging-ghost-5-ft-light-up-hanging-halloween-decor,,9/28/2026,I,
Coffee Photo Printer + 4 Stencil Set,"https://vm.tiktok.com/ZN8rSGsNb/

https://vm.tiktok.com/ZN8rS93TU/

https://vm.tiktok.com/ZN8rS9fwP/

https://vm.tiktok.com/ZN8rS4n9w/

https://vm.tiktok.com/ZN8rSGTru/

https://www.instagram.com/reel/DdvdT00O0k9/?stkn=MTE4a3M5bmtsMGo1NA==

https://www.instagram.com/reel/DdxAJnByObk/?stkn=MWQ3MmIwOGo1dmdiOA==

https://www.instagram.com/reel/DdxAIN9yJvt/?stkn=MW81YXc4aHJyNXozZg==

https://www.instagram.com/reel/DdxADdAyMj0/?stkn=dDN5a3F5ODgyY20w

https://www.instagram.com/reel/DdxAHcmSj7F/?stkn=MWt4aWljMjlwcThzdw==

https://www.instagram.com/reel/DdxAGEDy8t0/?stkn=MWNxOGc3djl6enJocg==

https://www.instagram.com/reel/DdvdWiQuGgy/?stkn=MXNlcWUxcmpoanZu

https://www.instagram.com/reel/DdvdU2POEaE/?stkn=MWIwMnY2cTUyeng4ag==

https://www.instagram.com/reel/DdvdPXcu_TW/?stkn=MXN0Y2Ztdmt2aXpyNA==

https://www.instagram.com/reel/DdvdMa-uZ4M/?stkn=MXdqcTYyemU5NTdlYw==

https://www.instagram.com/reel/DdvUz3EuAH7/?stkn=MXZseHY3dHpkZWN3MA==

https://www.instagram.com/reel/DdvUycHOwxb/?stkn=MTRsN2oxYTllMGd0OQ==

https://www.instagram.com/reel/DdvUxSAusJj/?stkn=N3doNDI1N2JoZnVn

https://www.instagram.com/reel/DdvUwb5uAhm/?stkn=MTVpeTNvMXZzazJocg==

https://www.instagram.com/reel/DdvUt-HuSvE/?stkn=cjJqd2F4NDFiNGs2

https://www.instagram.com/reel/DdqaLm_ORK1/?stkn=YTlodWV2M2cybXI=

https://www.instagram.com/reel/DdqZ062u3_y/?stkn=OGNoZWR3OXA4N2Zx

https://www.instagram.com/reel/DdtMEmGO1RC/?stkn=Znp3cGt5NzYxaHN6

https://www.instagram.com/reel/DdtMCwXON4-/?stkn=MWNuNnIydTVuYng0Yg==

https://www.instagram.com/reel/DdtMDh4uPxe/?stkn=MTJ3YTZhZnc2dHA3Nw==

https://www.instagram.com/reel/DdtL8w0OjfI/?stkn=MXRxdHYycjE2Mmc3NA==

https://www.instagram.com/reel/DdtL6MMuerE/?stkn=dW5zcW81dXF2ZDV0

https://www.instagram.com/reel/DdsACCSv7n-/?stkn=MXVnYnNqYjk4NmZvMg==

https://www.instagram.com/reel/DdsAApKvHg_/?stkn=MXQ0eWduYmhzaXFtZA==

https://www.instagram.com/reel/Ddr18tBSfH1/?stkn=MWxpeTZsaWQ2Yjc3MA==

https://www.instagram.com/reel/Ddr3eTFyn5R/?stkn=b2Z0Mjd2azN3bDd6

https://www.instagram.com/reel/Ddr2KRuy62l/?stkn=MjNtMjE4Y3l3amsz

https://www.instagram.com/reel/Ddr2G5JysaA/?stkn=MWdhYmd4aXl6aDBmZw==

https://www.instagram.com/reel/Ddr2BqcSaBE/?stkn=b2w0ODZoenBuejcz

https://www.instagram.com/reel/Ddr17OSS_vS/?stkn=MXRhODAxejRrc3g5eg==

https://www.instagram.com/reel/Ddr13y3yZA0/?stkn=Nmxzbzhhdnk5a3A4

https://www.instagram.com/reel/DdrwihNyL_4/?stkn=MTV3dXV0dXU4M3cxMA==

https://www.instagram.com/reel/DdqZgTSOPK1/?stkn=MWQ2a2pzdzZxNjIyMQ==

https://www.instagram.com/reel/DdqZe0FO_Mh/?stkn=OHlncTIzbnFjejFu

https://www.instagram.com/reel/DdqZcpXuePz/?stkn=c3B2bjJwMXQwdDA0

https://www.instagram.com/reel/DdqZdmPO0Ki/?stkn=d25kamhlNGI5dDZ5

https://www.instagram.com/reel/DdqZaPZOxp0/?stkn=OGVyM2MyZXhjamdu

https://www.instagram.com/reel/DdnrUUYOjCM/?stkn=dHlzd3ZiaHFtYjhs

https://www.instagram.com/reel/DdpNtS0S4zn/?stkn=NmRwc2N2N25obg==

https://www.instagram.com/reel/DdpNr1_yRqb/?stkn=MXd0MGgzZzlsMHcwbw==

https://www.instagram.com/reel/DdpNq8Qy0po/?stkn=MXR5OW9ucGVvOXAzaQ==

https://www.instagram.com/reel/DdpNpJFy68o/?stkn=MmwycHNyNW5peGV5

https://www.instagram.com/reel/Ddn1i4aO3vv/?stkn=MXVhMXRrajZuNGo1OA==

https://www.instagram.com/reel/Ddn1g5nuX53/?stkn=czE5Nm9pa2x0bHh5

https://www.instagram.com/reel/Ddn1furObbQ/?stkn=NWpjdnZjdjRrNHFx

https://www.instagram.com/reel/Ddn1ersOetI/?stkn=MmZrMnlhMzdscHB0

https://www.instagram.com/reel/Ddn1cbQuvGx/?stkn=eGp5aG13Y28zNmx6

https://www.instagram.com/reel/DdnraWzOvZi/?stkn=MXV4Y2gyNGxrZmUwYg==

https://www.instagram.com/reel/DdmsOuMyNJQ/?stkn=MWloOTN2bmZiaDNvdQ==

https://www.instagram.com/reel/DdalVG8OQFz/?stkn=cmY1bTZhc3VzODJq

https://www.instagram.com/reel/DddVCreOl2o/?stkn=MTljdWJscWg2dWdqYQ==

https://www.instagram.com/reel/DdhWD9xB7lD/?stkn=d3g5eXBtMmVwZDZ5

https://www.instagram.com/reel/DddVF0FO9oc/?stkn=NDAwaHZqMGphZHNi

https://www.instagram.com/reel/DdjpQoiORRw/?stkn=NXJqdHI5OGNydXl6

https://www.instagram.com/reel/DdjpNnQu6lt/?stkn=OHM1NGY4YzVzbXJh

https://www.instagram.com/reel/DdYSYT4O9Zx/?stkn=MW8zcHE0MjBtbDJwZQ==",https://sipcanvas.store/products/sipcanvas-coffee-photo-printer-4-stencil-set, ,"Sale Price: $39.90
Comparison Price: $79.80
Offer: Bogo",Algo,Running,Running,N/A,"#dKFCLWVdXuAl38uB2fj3fLfBbH3RWBtF2Kamjt7khCiQvEjOBX7xvFASl5VmXCQ=
#CXJUcebKtvdHu70QVqwoKf4fX1JVZjR8+gaYc1NWBBJcQTCtbh7gBbqMn7MiOnU=
#Y6BkCxxjAhc6zHhmPJ0zAceuxpigTSKBBKdRLxuxqVEROQ7x0yy8xGbpueHTOAc=
#daBQ/oL7LAJZ/R7cpk9n10/baMt8lazCu2wMpx2gg7m3Z4+aNlaf2VkM9a+JXSM=
#6jY0NPIT6yZWTYRzxGP0iQc6gae9SultFOjFR4sZcUhto5j/sZM8DMWfPoe3XnA=
#mt9WB4bNtyoHZperfzr4AnX2zuuF7/THWcJGHCXfCsZ8TIs8wu6RIbE4yBrwSQU=
#RkQvBjqkyJwny0MSpmX0mDI+03UTy4CzPu1Wq/VgreKaBtVsIT/2js7sJF8ttnU=
#TNu81JWOf9X3HS8ZhDmDRvxXc7GKRIyyPig7p5EBUO48Km2h64yivPDMrMaJepw=
#pbqWJg4AjT80sVmiiZBL2hV43eEfCNpzUa33uz78yxwSohHss+F1zUdRZKGU3HE=
#szvziNz3PAPJxsL15CW+XDj7p0jMDuksMOb1zxxU5tuhgW7PRXKofcKGENzIfM8=
#BP0ON2Z3jUs0ynN1TzuBowd1ayN5bHe6HqErQTjmFNLi1lkrKFQfUpc5e8AlJSE=
#kiQl77N2qqtv0iLOENdYP0+IMmMYzqK0imiBQ4QdkBC3ehFSY7uKLrs9Yz9AikY=
#v3O8YttCSFT00Me6IyW9ZO9L6v/kzSB9nFl5qa9orS2xxjE7XMkbUUuP8SEJsPI=
#GsT/9sML7t9ckE3s50XAMLFu4Zr0SsEKo9HTEVVREoXggj7QIi7ir/wyHoH23kE=
#srYXIUHpspx/PWs7fCTQkROi1uZHKSlad+1yvgkxagf2Pg/WaBMttdhQZ7Qacdc=
#g6Cegt2kk84Hcp2Qrv0jbAqHfA5j3yDczhPXXDR+PQiABHZjtig9D7QbAPyIlKM=
#WuF2QRlJiqR6fJMhSnj2zfojK2eQMrtB7T3VvdHOQrFqP5QryXYa6tB2prEUvKo=
#3a6pPtiDkvbLxacOfNMn0aYB7Pe5HXnZtTBP49/4GZoBXtos5sQVM5sYjz6tnQM=
#IQVyGgtG5WR0uI8KAczgNIQ7IwB8wUb5y2NuiCfOi0Ix23A5mPOaK1tUkSmjv30=
#swBUa1qJyfx5l5blI/d1XVH1AMCtlZYq2laKvKozUqT0TilIA/0Z3IQhX5dn7/s=
#53CGrY6apFNvKRrn+oY1n2ulLfdTmVN19hn9voeC8JNo1/uQn465G982/p7rkOo=
#8AmVJNBNf4sTQMzWLQJQcZoZql/agseNQszF5klLy7SqLxNQ4CQ7WA/IQlCSG/0=
#SM4HBavWTPiEL9g0zaVOyxuDGqMgTxSFrG2F+B7PvQqbw50iDAIrZu9ei1DEVkI=
#P4uUQ3tzgTvqrdubq/o5yeG5+vdefSt3gJsSSTSb0aoS25HR5hsCjeJPrJUuLf8=
#TSJnGaHmX6p+0SWE3fgUwMaEun8Pc33bnbtqL9hbRL37iyHZcvJnXwpXP0qTGK4=
#NwAB8LepmrnrrRd0pIrXABzLOz2bE4J4rnF3k2MjqZZtkP9LNhjZDHe6z/3k/dU=
#1Z3NPycixHUnLofGjMZDyF9GBhJf1NGpfMz0K9t44m855XR1RpLkbekxZLNGT3E=
#pz6BMuZp1tqcResLI7cE1F8m98stoGNl8bZYaTBgZ/bxTThSXSa95gueq7w151E=
#X2loXnC7fQAu52kdKZLAd9IDXrck+kXIVwBMugjZ55FL+VzxfSMOcuD4IpQsSvg=
#ZQMj0XMdBIl8lQFe+fVVaGhPuStnc+w2pUnEu7V9A090M6tnxjnOkZPysOlQXSE=
#fwCJ6P7QEJTa7qhHTtz6cB+Nu18P7uCviTNnaVfiBjLisSr5gNgU+FXSgpTbYuw=
#GtX2oadhlzwGG4am3yaNzmUI9Xb9jdcxXUgjXn7UdKbBIHLwcZNkZMUKZMrncJw=
#jGgaI9KrPQQy6gZGLZz+TVyDpSrsJVanm8JdSQNQT4IfsMbNUWax532quZwosq4=
#tOAnM32qrpDpYgxZmXko68mFU+K6Qaj0mWt/3C6vEvW/GTHy6v7FZC3pJgiwOdU=
#2ennhge84+9XhRpu2w8ZcG1gfWlUEEA9ecHoOC8kTCVCKgdugwgj37WQ6bYKFEE=
#bSAyU2kczjhcmuMxJpSM8Kd2lJoBjGaoQC2O6L1k3RX0yERpGeNsUpPSlbImMdE=
#5tu2FeI4gLqv91WH7eQ5QTc8KJsyi2CmLcc6PTieaYla+hM64LpVWavQfi9P2/k=
#cPb1TLYBfYvrWAlVFgHMKhtlKiE/FRPrH3TxP5gb0eWx22I8Ty/cEbH2YSVUfiA=
#witLbEnY8xTyc+w7lMNHTvWLy33ZFIZMGpDSbLOtMLfaeH0L88EDruR+gtb117M=
#EymwYlzRHYH77/lybGBqimWSG31S92TjSY3eQAgPgjSYS//kvjMBkVkRQq/YuTI=

Batch 2

#hAZunbG6clfP6rzanm8DU9nv3KAKoDRPDCd1wAFKA1NfokX6rEUNf6kEX2qzX70=
#aePX8CJzXP+OJYIQ8UgKf54+YbUo9RT3i9WJ79y2uI6nZDtuSDKF84aih5QjvqE=
#kTjj06BnaBlK03rZHilVSqw0PvW2VR4lnGyZIQE+khe/knkCOgT+PRg9XnR39Yk=
#kZvlHV6tTuRQxLhMZGOM7jEIxdDfudkBn7yEc1WjPn7Nb/icSLhW0eeeDGp3NQc=
#kkYXfeMEItV9qN3Npf13O0sc917FfERIPJsJZZVb6o/En9EKpAyasVCT5V7s/y0=
#9L6RVCErSD7vkIfV1w7hdnVDoIJBEa3oeaSAtbZJ941xyFuAt6Ta41B6ZmgmxZU=
#mfF3OVzAQqqgqiv7VbyyC4vD1JTCiVyULmzmTrNXxt2oSSR32sKoKjK28bW9lrc=
#7ccUWXGXWX6vERvmX6lyoC8s0Kjq9aBJ0p0ChuqMzlb9nS0RXsguMJW7zhmuOzI=
#9egQq65kq+yiI8PcXZ/ndmr2JFkrz6bvUOmv4HE0xHCXo8mX+r5Ugby0Fp36GcE=
#FvDi8a0Jw5ydrgVg+aC/ok2VsVw4JgikTW2FMy0ANzq+eGplW50P4T18LgDUocE=
#l+JnYKROq4v/weo0wBUG3IABmhJZamXVRFViTHKmaemOl2IjXtuafvW0RUsaQYs=
#pv8XGYLdzk1A5zm3vpWvI0UPeWy7VEMYM4panqQB9wMGUF7l6L8LF7Z/3p4mkI0=
#NQhdDzHHfcFMHXmrcPLgoTDvS8GJaAa0NM2wHeNLBoGphrL8YXiW75+WKfmx9YQ=
#SKNzyOw+6foZLrnEDRY0gDBzjaMXPfKyqUAB5hqRRZqwSD778ZSETq885koHiDE=
#3EY0JRLec3nc1CICSEita2jHbDN5GOT2hY8TKpVMowjjAm5F4GLCYmmBiwLzfn4=
#Dq+xHe6szYmX4H94Xy86DOiTL2fFUxvl+OPwDiO0u/OAi/ZAaq4ySdjJIUuZYx4=
#BJgo5/9rxgDIw90cH45VMYnALRFKbQ2gv3WBTshCtHblhjol8Is6bT0sr4iU2oA=
#qzSt29toLfwbgXdNx1yOIEMn5wXgo8X9hqt+aG06lqXA7+5vZJAf2EqOYx//M3M=
#a1KLy7gY47lm8Y21AXG6/uI1DSFjkDQgIQQSycbmMxcN9CKGmuHFEOfWiREGqV0=
#QQc4NrwqyEQD2zt+u38nJccnIcMbfLbDyI878z+vLjuwsO+c3P9cTHZi7ULth7U=",https://solenelife.com/products/coffee-photo-printer-4-stencil-set,,9/28/2026,I,
Winking Spidey Mask,"https://www.tiktok.com/@thespideygear/video/7688192053603208470
https://www.tiktok.com/@thespideygear/video/7687462050565459222
https://www.tiktok.com/@thespideygear/video/7686184836092103938
https://www.tiktok.com/@thespideygear/video/7685578370364509462
https://www.tiktok.com/@thespideygear/video/7684820657850354966
https://www.tiktok.com/@thespideygear/video/7684419981613829399
https://www.tiktok.com/@thespideygear/video/7684079869948431638
https://www.tiktok.com/@thespideygear/video/7683333507522972931
https://www.tiktok.com/@thespideygear/video/7682599228765375766
https://www.tiktok.com/@thespideygear/video/7682186551710731542
https://www.tiktok.com/@thespideygear/video/7681872695591521558
https://www.tiktok.com/@thespideygear/video/7681519514470665494
https://www.tiktok.com/@thespideygear/video/7681042355503238422
https://www.tiktok.com/@thespideygear/video/7680720036868263190
https://www.tiktok.com/@thespideygear/video/7680036508908129558
https://www.tiktok.com/@thespideygear/video/7679628416315870486
https://www.tiktok.com/@thespideygear/video/7678766251056876822
https://www.tiktok.com/@thespideygear/video/7678465627711048962
https://www.tiktok.com/@thespideygear/video/7678131381645462806
https://www.tiktok.com/@thespideygear/video/7677665954909801750
https://www.tiktok.com/@thespideygear/video/7677286928613412119
https://www.tiktok.com/@thespideygear/video/7676927573561052438
https://www.tiktok.com/@thespideygear/video/7676645401092476182
https://www.tiktok.com/@thespideygear/video/7676578196631866646
https://www.tiktok.com/@thespideygear/video/7676286151652691222
https://www.tiktok.com/@thespideygear/video/7675193313007340822
https://www.tiktok.com/@thespideygear/video/7675106309590486294
https://www.tiktok.com/@thespideygear/video/7674726942628728086
https://www.tiktok.com/@thespideygear/video/7674379490356677910
https://www.tiktok.com/@thespideygear/video/7673979382741880086
https://www.tiktok.com/@thespideygear/video/7673631280788966678
https://www.tiktok.com/@thespideygear/video/7673220840246332704
https://www.tiktok.com/@thespideygear/video/7672927497356397856
https://www.tiktok.com/@thespideygear/video/7672560042901556512
https://www.tiktok.com/@thespideygear/video/7672188575340973344
https://www.tiktok.com/@thespideygear/video/7671817146200034592
https://www.tiktok.com/@thespideygear/video/7671072227667873056
https://www.tiktok.com/@thespideygear/video/7670718053553917206
https://www.tiktok.com/@thespideygear/video/7670642194935516438
https://www.tiktok.com/@thespideygear/video/7670358747813825814
https://www.tiktok.com/@thespideygear/video/7669952792496475394
https://www.tiktok.com/@thespideygear/video/7669553639836486934
https://www.tiktok.com/@thespideygear/video/7669184951257992470
https://www.tiktok.com/@thespideygear/video/7667365992170982658
https://www.tiktok.com/@thespideygear/video/7666637018931186966
https://www.tiktok.com/@thespideygear/video/7665064098593426691
https://www.tiktok.com/@thespideygear/video/7664745658313624854
https://www.tiktok.com/@thespideygear/video/7664318054167285014
https://www.tiktok.com/@thespideygear/video/7664048925501918486
https://www.tiktok.com/@thespideygear/video/7663589038980599042
https://www.tiktok.com/@thespideygear/video/7663155562003172630
https://www.tiktok.com/@thespideygear/video/7662068079509114134
https://www.tiktok.com/@thespideygear/video/7661410478337412374
https://www.tiktok.com/@thespideygear/video/7661056313643912470
https://www.tiktok.com/@thespideygear/video/7660312567788621078
https://www.tiktok.com/@thespideygear/video/7658735298544749846
https://www.tiktok.com/@thespideygear/video/7658082673197321494
https://www.tiktok.com/@thespideygear/video/7657346017993461014
https://www.tiktok.com/@thespideygear/video/7656902990342802710
https://www.tiktok.com/@thespideygear/video/7656590633934654742
https://www.tiktok.com/@thespideygear/video/7656212846996376854
https://www.tiktok.com/@thespideygear/video/7655784073947876630
https://www.tiktok.com/@thespideygear/video/7655086693598383382
https://www.tiktok.com/@thespideygear/video/7653640480135073046
https://www.tiktok.com/@thespideygear/video/7651047142114643203
https://www.tiktok.com/@thespideygear/video/7650271278389038358
https://www.tiktok.com/@thespideygear/video/7646231377330949398
https://www.tiktok.com/@thespideygear/video/7643526074105679126
https://www.tiktok.com/@thespideygear/video/7641691846212717847
https://www.tiktok.com/@thespideygear/video/7640982444769889558
https://www.tiktok.com/@thespideygear/video/7639060906726411542
https://www.tiktok.com/@thespideygear/video/7637970963807685910
https://www.tiktok.com/@thespideygear/video/7636586104757456150
https://www.tiktok.com/@thespideygear/video/7633953834968141078
https://www.tiktok.com/@thespideygear/video/7632429943376350486
https://www.tiktok.com/@thespideygear/video/7631344881268428054
https://www.tiktok.com/@thespideygear/video/7629858372937960726
https://www.tiktok.com/@thespideygear/video/7628329388697734422
https://www.tiktok.com/@thespideygear/video/7627536587299114262
https://www.tiktok.com/@thespideygear/video/7626539987311267094
https://www.tiktok.com/@thespideygear/video/7624679834106580227
https://www.tiktok.com/@thespideygear/video/7620986420009766166
https://www.tiktok.com/@thespideygear/video/7618751446707621142
https://www.tiktok.com/@thespideygear/video/7616903119158447382
https://www.tiktok.com/@thespideygear/video/7615052600928390422
https://www.tiktok.com/@thespideygear/video/7611673428323470614
https://www.tiktok.com/@thespideygear/video/7610177152071322902
https://www.tiktok.com/@thespideygear/video/7608724326325521686
https://www.tiktok.com/@thespideygear/video/7607213203759598870
https://www.tiktok.com/@thespideygear/video/7603137074690149654
https://www.tiktok.com/@thespideygear/video/7601999492157656342
https://www.tiktok.com/@thespideygear/video/7599804285785885974
https://www.tiktok.com/@thespideygear/video/7597223301018111254
https://www.tiktok.com/@thespideygear/video/7596480588677221654
https://www.tiktok.com/@thespideygear/video/7588330241739836694
https://www.tiktok.com/@thespideygear/video/7587594241665174806
https://www.tiktok.com/@thespideygear/video/7584638357318454531
https://www.tiktok.com/@thespideygear/video/7582739449197382934
https://www.tiktok.com/@thespideygear/video/7578260330523004182
https://www.tiktok.com/@thespideygear/video/7574586208790023446
https://www.tiktok.com/@thespideygear/video/7571623386019876118
https://www.tiktok.com/@thespideygear/video/7566766399834754327
https://www.tiktok.com/@thespideygear/video/7564916231489228054
https://www.tiktok.com/@thespideygear/video/7563788386536901910
https://www.tiktok.com/@thespideygear/video/7563420959600938262
https://www.tiktok.com/@thespideygear/video/7562958262031731990
https://www.tiktok.com/@thespideygear/video/7562663832695672086
https://www.tiktok.com/@thespideygear/video/7562327961018338582
https://www.tiktok.com/@thespideygear/video/7560492301043125526
https://www.tiktok.com/@thespideygear/video/7556410732619894038
https://www.tiktok.com/@thespideygear/video/7553787253781335319
https://www.tiktok.com/@thespideygear/video/7552313292513987862
https://www.tiktok.com/@thespideygear/video/7550100792460741911
https://www.tiktok.com/@thespideygear/video/7546737858368015639
https://www.tiktok.com/@thespideygear/video/7543389164386012438
https://www.tiktok.com/@thespideygear/video/7539348309840760086
https://www.tiktok.com/@thespideygear/video/7538235638106098966
https://www.tiktok.com/@thespideygear/video/7536347962935479574
https://www.tiktok.com/@thespideygear/video/7534492436601769239
https://www.tiktok.com/@thespideygear/video/7533323408042396950
https://www.tiktok.com/@thespideygear/video/7531482426606914838
https://www.tiktok.com/@thespideygear/video/7530748085178354966
https://www.tiktok.com/@thespideygear/video/7529616740985163030
https://www.tiktok.com/@thespideygear/video/7527454127555742998
https://www.tiktok.com/@thespideygear/video/7526683257614650646
https://www.tiktok.com/@thespideygear/video/7524845889094028566
https://www.tiktok.com/@thespideygear/video/7523698192345681174
https://www.tiktok.com/@thespideygear/video/7522602647094955286
https://www.tiktok.com/@thespideygear/video/7521829292037147926
https://www.tiktok.com/@thespideygear/video/7520335758108937494
https://www.tiktok.com/@thespideygear/video/7519599678611115286
https://www.tiktok.com/@thespideygear/video/7518868024359734550
https://www.tiktok.com/@thespideygear/video/7518143039848729878
https://www.tiktok.com/@thespideygear/video/7517336560367406358
https://www.tiktok.com/@thespideygear/video/7516983228348108054
https://www.tiktok.com/@thespideygear/video/7515893808479915286
https://www.tiktok.com/@thespideygear/video/7514767449510776066
https://www.tiktok.com/@thespideygear/video/7514070914884144407
https://www.tiktok.com/@thespideygear/video/7513287184607186198
https://www.tiktok.com/@thespideygear/video/7511013180139654422
https://www.tiktok.com/@thespideygear/video/7504755520448990486
https://www.tiktok.com/@thespideygear/video/7501392507452935446
https://www.tiktok.com/@thespideygear/video/7499545251611299094
https://www.tiktok.com/@thespideygear/video/7497327339680959746
https://www.tiktok.com/@thespideygear/video/7496196657617538327
https://www.tiktok.com/@thespideygear/video/7495454395954498839
https://www.tiktok.com/@thespideygear/video/7494741870967360790
https://www.tiktok.com/@thespideygear/video/7494003247041056022
https://www.tiktok.com/@thespideygear/video/7493220603915177238
https://www.tiktok.com/@thespideygear/video/7492482400849612054
https://www.tiktok.com/@thespideygear/video/7492118244598238486
https://www.tiktok.com/@thespideygear/video/7491738788364946710
https://www.tiktok.com/@thespideygear/video/7491405812007587094
https://www.tiktok.com/@thespideygear/video/7491049046941977878
https://www.tiktok.com/@thespideygear/video/7489895904091114774
https://www.tiktok.com/@thespideygear/video/7489571525956242711
https://www.tiktok.com/@thespideygear/video/7488815683078294806
https://www.tiktok.com/@thespideygear/video/7488083656175652118
https://www.tiktok.com/@thespideygear/video/7487708360679214358
https://www.tiktok.com/@thespideygear/video/7487346349193579798
https://www.tiktok.com/@thespideygear/video/7486967365373119766
https://www.tiktok.com/@thespideygear/video/7486573472223595798
https://www.tiktok.com/@thespideygear/video/7486162987368140054
https://www.tiktok.com/@thespideygear/video/7485835578747964694
https://www.tiktok.com/@thespideygear/video/7485471965113847063
https://www.tiktok.com/@thespideygear/video/7485099844361604374
https://www.tiktok.com/@thespideygear/video/7484698946665843990
https://www.tiktok.com/@thespideygear/video/7484031754588769558
https://www.tiktok.com/@thespideygear/video/7483590493788720406
https://www.tiktok.com/@thespideygear/video/7483263122900389142
https://www.tiktok.com/@thespideygear/video/7482868707388083478
https://www.tiktok.com/@thespideygear/video/7482141579453533462
https://www.tiktok.com/@thespideygear/video/7482097899128524054
https://www.tiktok.com/@thespideygear/video/7481799498256125206
https://www.tiktok.com/@thespideygear/video/7481401962810952982
https://www.tiktok.com/@thespideygear/video/7481003052003052822
https://www.tiktok.com/@thespideygear/video/7480625743257423126
https://www.tiktok.com/@thespideygear/video/7479893260505320726
https://www.tiktok.com/@thespideygear/video/7479570636147330326
https://www.tiktok.com/@thespideygear/video/7478429788340915478
https://www.tiktok.com/@thespideygear/video/7478041892316269846
https://www.tiktok.com/@thespideygear/video/7476923803197574422
https://www.tiktok.com/@thespideygear/video/7476221961169866006
https://www.tiktok.com/@thespideygear/video/7475055229298314518
https://www.tiktok.com/@thespideygear/video/7474742610607803670
https://www.tiktok.com/@thespideygear/video/7473613526280523030
https://www.tiktok.com/@thespideygear/video/7472516275508350230
https://www.tiktok.com/@thespideygear/video/7471762260596116758
https://www.tiktok.com/@thespideygear/video/7471407683371879702
https://www.tiktok.com/@thespideygear/video/7470946089789656342
https://www.tiktok.com/@thespideygear/video/7470616881733520662
https://www.tiktok.com/@thespideygear/video/7470271189504494881
https://www.tiktok.com/@thespideygear/video/7469872356714990880
https://www.tiktok.com/@thespideygear/video/7469504785004219680
https://www.tiktok.com/@thespideygear/video/7468808062736829729
https://www.tiktok.com/@thespideygear/video/7467700436766625057
https://www.tiktok.com/@thespideygear/video/7466936587574644000
https://www.tiktok.com/@thespideygear/video/7466587290266029344
https://www.tiktok.com/@thespideygear/video/7466174589446442273
https://www.tiktok.com/@thespideygear/video/7465799759043775777
https://www.tiktok.com/@thespideygear/video/7465037074295491872
https://www.tiktok.com/@thespideygear/video/7464689017171348769
https://www.tiktok.com/@thespideygear/video/7463924113900424481
https://www.tiktok.com/@thespideygear/video/7463489560249404705
https://www.tiktok.com/@thespideygear/video/7463218801643932961
https://www.tiktok.com/@thespideygear/video/7462848599156608288
https://www.tiktok.com/@thespideygear/video/7462453081570151713
https://www.tiktok.com/@thespideygear/video/7448758038065892640
https://www.tiktok.com/@thespideygear/video/7444273931688676640
https://www.tiktok.com/@thespideygear/video/7443546546093706529
https://www.tiktok.com/@thespideygear/video/7442471280265268513
https://www.tiktok.com/@thespideygear/video/7441294127372700961
https://www.tiktok.com/@thespideygear/video/7440923334814027040
https://www.tiktok.com/@thespideygear/video/7440256687849671969
https://www.tiktok.com/@thespideygear/video/7439830496118410529
https://www.tiktok.com/@thespideygear/video/7439568393512045857
https://www.tiktok.com/@thespideygear/video/7439160717690916129
https://www.tiktok.com/@thespideygear/video/7438787349263256864
https://www.tiktok.com/@thespideygear/video/7437955277267275040
https://www.tiktok.com/@thespideygear/video/7437657036243914016
https://www.tiktok.com/@thespideygear/video/7437296872806501665
https://www.tiktok.com/@thespideygear/video/7436905029077912864
https://www.tiktok.com/@thespideygear/video/7436471652998745377
https://www.tiktok.com/@thespideygear/video/7436157509666082080
https://www.tiktok.com/@thespideygear/video/7435421510766054689
https://www.tiktok.com/@thespideygear/video/7435356828021640480
https://www.tiktok.com/@thespideygear/video/7434674187077307680
https://www.tiktok.com/@thespideygear/video/7434603344972221729
https://www.tiktok.com/@thespideygear/video/7434263747633450272
https://www.tiktok.com/@thespideygear/video/7433861839504608544
https://www.tiktok.com/@thespideygear/video/7432795810523385120
https://www.tiktok.com/@thespideygear/video/7432728802288995616
https://www.tiktok.com/@thespideygear/video/7432437681197550881
https://www.tiktok.com/@thespideygear/video/7432052781277596960
https://www.tiktok.com/@thespideygear/video/7431309315039874336
https://www.tiktok.com/@thespideygear/video/7430949029682351393
https://www.tiktok.com/@thespideygear/video/7430592638719511840
https://www.tiktok.com/@thespideygear/video/7430221731488402720
https://www.tiktok.com/@thespideygear/video/7430094692047523104
https://www.tiktok.com/@thespideygear/video/7429783229940501792
https://www.tiktok.com/@thespideygear/video/7429106576268528929
https://www.tiktok.com/@thespideygear/video/7428711091464588576
https://www.tiktok.com/@thespideygear/video/7428643987851889953
https://www.tiktok.com/@thespideygear/video/7428364558470810913
https://www.tiktok.com/@thespideygear/video/7428274921219919137
https://www.tiktok.com/@thespideygear/video/7427995084186012960
https://www.tiktok.com/@thespideygear/video/7427886946048838945
https://www.tiktok.com/@thespideygear/video/7427644337145662753
https://www.tiktok.com/@thespideygear/video/7427571357853994272
https://www.tiktok.com/@thespideygear/video/7427262898059119904
https://www.tiktok.com/@thespideygear/video/7427175181463948577
https://www.tiktok.com/@thespideygear/video/7426824672613846304
https://www.tiktok.com/@thespideygear/video/7426505396862438688
https://www.tiktok.com/@thespideygear/video/7426443232365645089
https://www.tiktok.com/@thespideygear/video/7426049186371521824
https://www.tiktok.com/@thespideygear/video/7425749043688639777
https://www.tiktok.com/@thespideygear/video/7425378601849064736
https://www.tiktok.com/@thespideygear/video/7424994033837149473
https://www.tiktok.com/@thespideygear/video/7424638978894187808
https://www.tiktok.com/@thespideygear/video/7424279309549964576
https://www.tiktok.com/@thespideygear/video/7424216874998566176
https://www.tiktok.com/@thespideygear/video/7423862330737413408
https://www.tiktok.com/@thespideygear/video/7423465322469985568
https://www.tiktok.com/@thespideygear/video/7423391890285874465
https://www.tiktok.com/@thespideygear/video/7423110603973102880
https://www.tiktok.com/@thespideygear/video/7422804440916249888
https://www.tiktok.com/@thespideygear/video/7422735428635151648
https://www.tiktok.com/@thespideygear/video/7422416700835974433
https://www.tiktok.com/@thespideygear/video/7422347251386830113
https://www.tiktok.com/@thespideygear/video/7422065111176695073
https://www.tiktok.com/@thespideygear/video/7422004044408818976
https://www.tiktok.com/@thespideygear/video/7421691648481955105
https://www.tiktok.com/@thespideygear/video/7421560759097855264
https://www.tiktok.com/@thespideygear/video/7421313551907818784
https://www.tiktok.com/@thespideygear/video/7421261284735290657
https://www.tiktok.com/@thespideygear/video/7420969964179328288
https://www.tiktok.com/@thespideygear/video/7420844561548774689
https://www.tiktok.com/@thespideygear/video/7420516598731099424
https://www.tiktok.com/@thespideygear/video/7420455572983631137
https://www.tiktok.com/@thespideygear/video/7420084260800875809
https://www.tiktok.com/@thespideygear/video/7419830529186483488
https://www.tiktok.com/@thespideygear/video/7419722810123193633
https://www.tiktok.com/@thespideygear/video/7419439864988388641
https://www.tiktok.com/@thespideygear/video/7419345301481327904
https://www.tiktok.com/@thespideygear/video/7419072813849513249
https://www.tiktok.com/@thespideygear/video/7419011742946037025
https://www.tiktok.com/@thespideygear/video/7418685600137563424
https://www.tiktok.com/@thespideygear/video/7418611257839832352
https://www.tiktok.com/@thespideygear/video/7418305960852147489
https://www.tiktok.com/@thespideygear/video/7418203228938046752
https://www.tiktok.com/@thespideygear/video/7417925300861914400
https://www.tiktok.com/@thespideygear/video/7417614791692373280
https://www.tiktok.com/@thespideygear/video/7417509857877675296
https://www.tiktok.com/@thespideygear/video/7417212478104423713
https://www.tiktok.com/@thespideygear/video/7417111503205158177
https://www.tiktok.com/@thespideygear/video/7416796826050874657
https://www.tiktok.com/@thespideygear/video/7416478526238461216
https://www.tiktok.com/@thespideygear/video/7416356458121448737
https://www.tiktok.com/@thespideygear/video/7416092405436402977
https://www.tiktok.com/@thespideygear/video/7415980619802381600
https://www.tiktok.com/@thespideygear/video/7415715505358556449
https://www.tiktok.com/@thespideygear/video/7415396729010408736
https://www.tiktok.com/@thespideygear/video/7415246552597335328
https://www.tiktok.com/@thespideygear/video/7414942634180955425
https://www.tiktok.com/@thespideygear/video/7414882378000141601
https://www.tiktok.com/@thespideygear/video/7414565309123693857
https://www.tiktok.com/@thespideygear/video/7414513514120809760
https://www.tiktok.com/@thespideygear/video/7414197234721361184
https://www.tiktok.com/@thespideygear/video/7413879120444067105
https://www.tiktok.com/@thespideygear/video/7413775195372031264
https://www.tiktok.com/@thespideygear/video/7413476954076171553
https://www.tiktok.com/@thespideygear/video/7413404250723716385
https://www.tiktok.com/@thespideygear/video/7413154008963026209
https://www.tiktok.com/@thespideygear/video/7413068737575669025
https://www.tiktok.com/@thespideygear/video/7412712946964434209
https://www.tiktok.com/@thespideygear/video/7412653413156146464
https://www.tiktok.com/@thespideygear/video/7412331579730840864
https://www.tiktok.com/@thespideygear/video/7411890367953390881
https://www.tiktok.com/@thespideygear/video/7411610160113667361
https://www.tiktok.com/@thespideygear/video/7411200431608679713
https://www.tiktok.com/@thespideygear/video/7411125117691907360
https://www.tiktok.com/@thespideygear/video/7410882500735552800
https://www.tiktok.com/@thespideygear/video/7410820185503943968
https://www.tiktok.com/@thespideygear/video/7410559768470785312
https://www.tiktok.com/@thespideygear/video/7410418438847466785
https://www.tiktok.com/@thespideygear/video/7410151359514692897
https://www.tiktok.com/@thespideygear/video/7409776970248097056
https://www.tiktok.com/@thespideygear/video/7409738556928789792
https://www.tiktok.com/@thespideygear/video/7409672818595597601
https://www.tiktok.com/@thespideygear/video/7409400571771292960
https://www.tiktok.com/@thespideygear/video/7409354067866062112
https://www.tiktok.com/@thespideygear/video/7409301416595983648
https://www.tiktok.com/@thespideygear/video/7409001157609196833
https://www.tiktok.com/@thespideygear/video/7408929591412133152
https://www.tiktok.com/@thespideygear/video/7408691870915677472
https://www.tiktok.com/@thespideygear/video/7408639080965197089
https://www.tiktok.com/@thespideygear/video/7408287513527242017
https://www.tiktok.com/@thespideygear/video/7408239978926427424
https://www.tiktok.com/@thespideygear/video/7407924126272310560
https://www.tiktok.com/@thespideygear/video/7407872377033395489
https://www.tiktok.com/@thespideygear/video/7407828542471310624
https://www.tiktok.com/@thespideygear/video/7407557551258111264
https://www.tiktok.com/@thespideygear/video/7407444128046337312
https://www.tiktok.com/@thespideygear/video/7407172855714172192
https://www.tiktok.com/@thespideygear/video/7407088144505523488
https://www.tiktok.com/@thespideygear/video/7406808735051549985
https://www.tiktok.com/@thespideygear/video/7406741399737093409
https://www.tiktok.com/@thespideygear/video/7406489545908178209
https://www.tiktok.com/@thespideygear/video/7406408354895072544
https://www.tiktok.com/@thespideygear/video/7406336491380542753
https://www.tiktok.com/@thespideygear/video/7405976889229151521
https://www.tiktok.com/@thespideygear/video/7405704837117070624
https://www.tiktok.com/@thespideygear/video/7405657778015980833
https://www.tiktok.com/@thespideygear/video/7405589657381047585
https://www.tiktok.com/@thespideygear/video/7405324904851197216
https://www.tiktok.com/@thespideygear/video/7405254248239254817
https://www.tiktok.com/@thespideygear/video/7404961141354499360
https://www.tiktok.com/@thespideygear/video/7404849762194771233
https://www.tiktok.com/@thespideygear/video/7404531446028832032
https://www.tiktok.com/@thespideygear/video/7404484716696505632
https://www.tiktok.com/@thespideygear/video/7404215517944237344
https://www.tiktok.com/@thespideygear/video/7404137220304538912
https://www.tiktok.com/@thespideygear/video/7403865923385412896
https://www.tiktok.com/@thespideygear/video/7403772293077273888
https://www.tiktok.com/@thespideygear/video/7403450671124466977
https://www.tiktok.com/@thespideygear/video/7403354471666863392
https://www.tiktok.com/@thespideygear/video/7403047397074504992
https://www.tiktok.com/@thespideygear/video/7402993801788263712
https://www.tiktok.com/@thespideygear/video/7402691861858487585
https://www.tiktok.com/@thespideygear/video/7402624660610764064
https://www.tiktok.com/@thespideygear/video/7402367651298757921
https://www.tiktok.com/@thespideygear/video/7402278150119394593
https://www.tiktok.com/@thespideygear/video/7401956426253471008
https://www.tiktok.com/@thespideygear/video/7401865861717364000
https://www.tiktok.com/@thespideygear/video/7401584592072887584
https://www.tiktok.com/@thespideygear/video/7401518830494813472
https://www.tiktok.com/@thespideygear/video/7401242564961078561
https://www.tiktok.com/@thespideygear/video/7401111516138704161
https://www.tiktok.com/@thespideygear/video/7400830224608382241",https://thespideygear.com/products/theog,,"Sale Price: $39.90
Comparison Price: $79.80
Offer: Bogo",Algo,Running,Running,,"#LqAB1dSQV5mDhCDVvX1id1SESSs27Z8ve+Y/eQKDfv+tBVMsxZfkcT7S4wifvDk=
#M9o4pvIoN2Wb7Hl30hfnKTIOoovJ6N3RHcVYO0o98fJ4vmJTeyiB6LXhlXKuN84=
#xxrnqnXT2wTxEhwBP462i+hzuxFe3EQTg8QM4yQJE3VnrF0oaTwnA9Tru7EPZyY=
#LQ0SXXQM0e2DDPPirDUpRSoPrSa/nmCgHqeVsBUE4q3TH7HpzGm1xBBAcCFXbM8=
#mFy2i/K4kVfA6/GxRLHnb/7BS0q+CF6dgh26ibceWZs8w9EzWzCFaMqY5uQM2s8=
#GwndZ2horahmLxVaKiuLqOvEOdDLqLpamPtLiXfXRZ9ask/G6gTyWiUIG4aY0hg=
#+vytX1eyt9VanYO8NqAOLRyV/ORe2ARTBm2vIesSj7MtVlnhmwi5pKKP7Gn43Ao=
#XtRy7M8yDa2MXsv5y82QwzjSef7J1Gdn2pC3MyCoCELe9eHwizy7FDqANGq91Aw=
#X72MtTZAMqlYQgvdIdVCUWuwHevN9+C0mNrmeXMxA92TrV79ez+dTO1MpPa7WKA=
#MYOhLWXv7OFH9c43TZxci9o/bvUeyRiNIK3vPUxgi1mXe63ydN+S9xqUyjBy4pg=
#mKbI9G+sxwjLrJXZOUv7LiqlBdf7xQhaJfqydrwyMrMBQFYY4Rb28sRtJQYPnX0=
#8vf+xnmfz7RHnIiXpGUcB8DeSq4HnaQMHU4tgR6GQcpFOPt9PMXso7fz1JZsNFU=
#ywsIrlIJ3xc9vhAkoBLF8tMHPxu3761XmC+rN+xGQkDrThGU+3mZHrZ/s6PdJKg=
#cH3Y65yF3NBKYmQnQnp4fhhuaVsCPql03rOfktWykdt/OkwvnKbuctkeqTbArjA=
#7Sfq/iWpED4t/iopIkt31z97MhPminOcvrpQjhq2AMix84UPGc6upKckKaiIaaM=
#pkdBY7rqWzYWitt5Fg1H2PPFjDbQ/yCEZdQXw6Pv4A6svxsvgrga81FprLphYwI=
#Y2Yyt73Dp/I5Tsd9YQ516zySLXZ48tpre5ANhmPeV7wkvt4Nf8z7l1c9hNy+ecI=
#K3L2BpxJa/M95YWveNmqlUTn7Ucf8ArACYUTI8OP4os2Y5oXqcfAONX1Cf/k4tg=
#gcHdsYOSCiMa1mXxeL9FtqpsJmlHaIXTbdQO2GAQjcxzit/+wOPmbKsYq+IgUBs=
#Cfw8Lg09pb4fvq8e2WkYPDl8UefuIW3/BUIT6rZxigzh2zUWbixNQo+84LHfgjA=
#R3AkqdrMntsB4oRLeUI+E2OgeQIPENckqUKkNXdbDJtsm+8PAniJsCRpqyZxEvw=
#MvrlcJ0PhoXlrpaRp9LEYK923bKTofwYJJOhXj9oiQwUiMOGognfMA15nE7EX8w=
#6m7uD7Hcymh2luwBZO8oo7SrxogwJJU/LKvp2vi6mfZvix4Pko1i/zGc3VEuylI=
#opEFOgRzTjJ1U9C6NoEFHxLQNotTLcacgwwKX5khMvNNYOadSJWoMs+PL3t1PO8=
#2IhKaW592D3NZqMTxeg80zwcOdv8DHy2pP9xmC6nuzszJVLOs+8LjFGoWzcv6po=
#/DGNTuo5afnnnk2CoFTse6mZmsWGggEoIbZIGs2dPCmoOVmwJKnWiiSGNI+TbcU=
#hiFKQcdJKdNozZdUOglUDOrHjyz9lugZ/PkQFrIdvZUKa6H0iS3iM36hdlXWouM=
#1cgFEAgzb70OVKYsls0Okl3LrJNfhAg2m3DOMpn/xrN5jdeFuZ9Vh0qY8yNUcOM=
#c91YCmmv8pmhzC53Fzdd07phIAlVvxGYXFJszutcZkv8843cMiEo5Xn3EeFCBAA=
#nkyShpxuGIiRERXrivve1wJsdqh1BpIFtd/s22N4Okisu0Nvpm+amFVQUFR1BFY=
#KsgBS7+gMOE9xDGRMrf8UxhUrSZpBsmzcFq/rmJeCmFJrWEkHjT7rBCah3rmLFk=
#aJfZ/49DNhb2U9l51LDaJMR4kSwQNJfsCEHwk/vhwzpL2yQDNgNfKJ/O88VRdDo=
#2AVTVnCcX01Plu7hkxmatgIjXruWQQ8N0TQHmD+Sfdmsu+MNXiIN0yoln8mlhCk=
#sf1tnqxxWVtbyiGWEQ7ek6k2pFoHLrw4ksKBcfPXa2L7N7y+7wuRR0Mt8i1HjlE=
#6O1HYCAqPi86FMyKQG1HZhoupoF8CBWqd3A2QM5d0Rx+L+2Rf9jW3fTcz10iu8Q=
#MtL4CfW8fdB9XeZ4PiX9QDgj9B4bpsrvGxQ6YDeDob6hzNC/fw82sZ/QqP4Wme0=
#XD8LP53i1/Zv93HcActiDS5FUVHsAe+5iWxECN7ycQEHh+4Pzv1TDq1CMKtCrCQ=
#dDQZN7TYyZZF5stqwcEPo+RKAgFARW6LC7Cf6noX/SsRpQLjaGjQTFHSo6bwE6Y=
#SdergsTlKNQ7rHWo1MEbfABKg0hRib7Vj7Ukk5aCK52PT9Ck1xdHc9GcXbWm7ts=
#B6b7HdjRUmtNfmSCCpb0bNLdbP8ZUcel9+97Q/HB+3XxbfevFJ39R0pfuQcW9+U=
#ziEiYderEaMcOUXDcWoSpEwx/jbib9/oKpQqTCHHKcgVWzBuI9X/kUFRRM5efkQ=
#BC3+SK0noZaDD8BT/XZvuWdEmfTs5/6XWzZunffhu/63bmG6Ip4gkVSCIESochA=
#+P2gPpNZ1tHjpw75LjAPE+W1aNak6ihhNxl4Mc/eaGclnJdmWqCCmPmnChVQh3A=
#RMOBPhf9Mm+XTwO6eLvgn7Qvay2M77Y5u0C2uVfEGhrvsV2vh8/xFyluzHCltDM=
#kDOb1wEC4JzVai/EldYF+Dy0S53lgBCnMf4SOepGP6cSoLYveQymwVv6z2rTO7s=
#VSwg9zuIylbUxekhfxEiTDDG1ANSp124IFMBAS4M5BgnJ0c/nOA0OBrLWpd54Kc=
#kswG/U3jAgl9Q6cTK8l0/VGJ+rrEXUC329OdBEkT+K1y6PiYxJkjtEs5jK2cH2o=
#jI6Q0bdTXcKhQhDspr2L5Z2xjQfnB2lAVbK1WhHTPTWYfrFdWNOeF+HFFO9BTOc=
#/bcfpzVMUHVNRWVt1EcjOCwdUTwsFJB7kyL+VHf9L7LdYkDqXuiyFUFxlNW4gbs=
#Ng3lz4DNvrh4HvYB6hsNMEgUCWt3jBHFj5amlsehGMTWgzlc5cRRNuQy95n2elk=

batch 2

#cVz2f+eOZ6WzFJHwd40g0gE0z3bWk3pKpMpO9VysFjPxQHSEHAfaum/ZroGGeVA=
#R60yAHI0K8E2zWGWDAUQ71RwC/ukubT3hwWX29ANDGSHxs2Tmhr4JepaEYY027M=
#8ZWLRGCT1uaHRTKTQPbA5VnO+IomajoQatGSIKktOsbe2aKKXM9kJ/rQJShzs1w=
#bl1fmtpZaVyWaeK6l+tGM0ZD7akCLn2J8/gxIHOlnMcn/q75+nVVgjfWAhzGdrM=
#t4Wic97L+cnBI65x6Pjrhnhyd2h/h88xh99VX1hRQFQM/Cqq9Ay9OSI+wL3LQ9s=
#+Vm9gkZ8N8l19G1i8EIgGMq0qb298ZsVXCahToQq7vxUaHcDfm0cmKaFZTJUYio=
#WTwxqBkjlUSDMOBQc6l1khWAXzuzZJoaqmiC1obANCPgAPNIHpFqrV9rDdpJQYc=
#sky+mC6fU55ElEVmWNlzOfeAGh30Q/37k3GnXwLjo1sovDhDzvb4jR1KnoXadRg=
#NrQqvXkqho1FTJV4jUuSY2HTqaQt9ALtDCEudpov0aL2VG+z5XqYIPlwZ9S5keA=
#tsMGm8lJd4Ovmf5YLQltyIeGN0mZ8TNhw3JAUPd18Gpy1uZJ7eTqY+XP9Eo1TXw=
#597Q500pL4yZ/kb2FiY1CsuEDFyB2vNR/TSVWGziTYthTAZkpqC4otV1r/MKBtY=
#Dqt7VZDzefdhV4bRhrmIVCF1J1jt1ruQmbBzqevVJiy/cSl6uBwthZLr/MNoPHU=
#mvK6IMKMbzmQ/Ao8v9+HfxT/a4gu2JTecYQfbPLZDIzyQU9ke+k+qruTZ3p1JQg=
#ffXNJf0r0ScbenZFupYo7b6APJKFRC3MtFx/EV1aV4esWvt+ZwycyPyulL7XZt8=
#9frPCcu04R865x+WS0LAAokxEaBkJYZXmbkqWOHoRSslTUfSU9ZCllmzns5yn2A=
#EziahRyFKnd9y0qN3+VxeyYX+Fdy98bhxoSK673PwXsc9Vw/vkpOfWyCMsESSdo=
#2NFsj2pW8M5cecC+C16JzpC/f18uPIptnvDZIgkXBD9zaLLqSODkx+oFYIUsqrU=
#t656rsvUzPcNTBkRK/Z5D+0lkI59w8zjBgo//xzhwSDnWxOJ0DL2NZm0H518U3k=
#dwt/E3Eotf2WWrcmQss5yXhKzV2QsKjHiSqmhDiubDLIKQq3k051WaKgfHEc4c4=
#pR96FBMtQGK4ayNBPkl5bxximcQC0Q8UTVbuJZYCQFZo5/g2Dj/0Ms2lAyVt/kg=
#Qg6GBeOlnA6959hJlkUIM3ge7mci0nsHToLJx+pSWWf0PzgO3ItTaHRy5lKRYCM=
#9w71CZQ+EAmjXYAYdu9ItSDMjrv+ejGsXPhHXHajKBGQssQO0FVgHFCRJmAfXAk=
#LOZlPuwBQMaVP1mLNwJc5tbXOgeRg8AnYRg5XfPBpuX8zf9l2lbqIoMy/581Bnw=
#+NbkxsAafOsBR3FDN+wNoeup9UxyArqMqnPFK6D9viasx5rlACOmHQkxVoGOXVY=
#iAINk9PCbervSxg2v7k9Rmd6aESxu5C0j6Sdu40bNzxskvsBQMcYjKYRXhywR5A=
#pS+IHdSG++GI+U2vhgYM2kVeSINrIAe+YSRnQvCS0qSq/dmaAzKsZ6SgqJVdtb8=
#wm40evmbnexX9mDkGAzd3mzsnPArjsEaxSrGLdy2CvQpsTP6MTWvMLIMZYoh0Jg=
#rVn1b4eYTL9IRv5wK1BwqWvzx8GXHFDq8pS5uGVZsXsI18BjaNIt4KKXVWOcd3U=
#d4GDu8UMjXknNsLfLQnrChE88ZeBLO3V02tV5ARd469T/1kANT20EjL7cxb1OE8=
#J3A0lnfArmIFU+D9DHal/v70cvhMRbtt5KgIn53aJGkYXTu1TOJHjhmlpB4umoM=
#teup1fvJgAj/+Zg9iGyhnVytPji3FWlgStjmNBMuIS5EWo6RbAcbJM97ue+21WM=
#/ccCS9eptmSwatdVSMKREnaS0mlYmxJ7LFWc3qm+3XKEpZQJ/W7PNwOQ8MGESPs=
#dDaZKwxMHgShFo933JAgRynw+EyQ4m/JBFzlD5fCuA7RGqagxMuQzkqWussuJ/w=
#8iYE2E2Kz8+zttDFOla7/jgM9OLgOiWdp0LEVXw8wpNoWKtecj6pJLFaiMuUivE=
#ZXj3a7WyN0g900yU7sO2+pjRFzCTxZoLcCCRRTF0NvzSykjaWS4TtCJwxIwIf4A=
#I80VUjfyNmdsklUy1Glf+1JiqO50ujDrBaSsUMALymVMUaHwY0Ltu8aM1sCVh40=
#Md18WWiF/I+bDQAxynmLT3FbA17b+F0d7U3NDvpizUxFxWDshY+xzj/Hd06wHKk=
#rQcR0oMuHwQ5JLdUhXVWHeJA8g+r74pl4wWzPVHCA/Ldz2wTLGmyEfE2Q8GALaY=
#2N7F6oEgnw92wM0dSPIQiJLDZ9tX1g2C+a1E/TFZXcJTkyW3YEMVd7rVhidsclY=
#9LEgNlg/HcsLCxDAQH2pzxPPL05c/k+Fft/Pt+uVgYMui3XErDf6zJT+A6n7wLY=
#ZBDcidnWd6JHJ+2JCQ/GvuJeXLSlrSXQhWpkLa5H6p40lfGM4nV6k2ndijFMRl0=
#5xgQBfVDbFuZNwJ/IMp/3U/8rZPVPWlQ+J4oxGdw89IX+gdFSa7u/xviiKg/aFk=
#69nDMSKDLK52YjRbRwuAUEfyz2URBEHWDGYYtT30rlFLBIYOJakKrD/7Zw7wDCI=
#PXcnhKaE+FBdwNmjXyZTjnHa9szqMIkBX/2SXe0Uj6TEID/9gUoob1Xm5sGeXWU=
#tcYDgljIQBuKGioNzyW0fi2z70P3hTWOXZ7hmXrOS0cU0I5/xsZ0YqFgGEOf0v4=
#tdNyHhR+jwERWCcVI4iXRXV9hovWSMa+mYazshppvohPkD38Hd1MW4FbV2y+Wxo=
#AHA5mGW+VF2oPqRNYH9H1qbzQpOKyrrwhcPGe3AgcxKeiyFWdWTg2eSbMY4ZoEg=
#kOdohr+xD4oJ5IIAbsysX0bROPXQFB9ixKu7p6ExXbMvGaBEESqciCPF8JK555Q=
#jHX3agvA9TRmwN2jW8YHU4rtezzvlHOItS6r3giKtw0K4SUJX9lbKOSJoqep5cg=
#+ty/TgFqA8ymcL/JCWTy35fxGLwElGEsXWxh0m5ceI5uBoWK2IylAc2wemvmWmY=

batch 3

#e1pfv12YY5rnNjAau4xITl4qYD+lTlT58YvMQlj6UemrETNDiq3U0VwZXHWiFbU=
#RVvVQIjoy90+JzDCMstD8BYhEY0qVF25NsU//MLSkshef1OfkNyExoYth936O2Y=
#sRATOvTXhSPYRufCOH5Gh6nRuyMGApY6m0u/2yCDThchttlIfpZr5abAEyISmLo=
#096bR/WojpCoQg8LqDdDwh8e7ixbGEjKIz5xklG/Oq7FY5dVXMW5UshJuuc0T/c=
#e9cYjb+dPcmPc+HLgg1gbhjFlSccfz98sxy+KKTKreDkADo6ILcO11IXWJYVz9s=
#SEJjVAHEjhgR5zE9qYFYHBUhyXOyMMx1DTscdXCJseyILWZxHPT2wq5037nPI8A=
#HambEnCAJGzgAJLBxBqgAMeAQD9Fhw0am8GfBe8sHdPB7Zll8Zt68qkFUq/4Tt8=
#8WMXXoSQrHsSTm+yljbpckDRar3N+z7D2HBsFolXLHQYEXSgoO4wy0Bw1XyJjAU=
#kY/SS/BgonPUlQRYNLKhJaZ/1N2XYJ9UOtzwIc2ltKYDSNW1jj1Yinh3zKdLn8g=
#CJhVhoXocZnNHtd8GXgsJkomFkBPp9qiHOmV0vqC3Z2q+MXMXWh64YD1RGHwHhI=
#L60uLlSAeYKz4JChR5DsNuvd+gNVnZyz6+uqVkG9a65oiI4t0qHagPBzDeVPNoM=
#3jYofTKiFH410YOhApU/MkKlAbNIGTuYElQ0XOET4uWH1J8yxC3QdD5rP9FeR+s=
#uhfQ/7OXcOhSdIPq574t2pncgZqz/253HxdsINq74F0pcQer1Vn+J/Ia6s29ZW4=
#9US4lijbMo1s2/TIFBWET1tFhuarALCkUzhCVRMa7aQ++qKOCkQYzVyQAxz8dYc=
#C6Q03Nfg0i5txlwulWo4FBWptJ37ZgAfQBrquc22pRvlqJ7EWLFQCd3r270JD54=
#CKAd++u8P7z9kU4rQwqDVWUJ5mYDku3JEKXdY75HBbU4f4AMsDasMkGTfcEdl14=
#XCpvK71m0knleNrkrIXAvBoTYiPbH6y+JCHhikdOaNPqL5a6YFEMZWwaLD2NGwI=
#wzOBtwByInu/vYV2kujHXgaudlN26J9NVRwVzuRLnOOgaqM7VmaA63lgf31nkfo=
#T99ZnZFW620+Q5EoSlm/fQsWq7eNn7cKPSHfAp7F2Jx7SG4iEH6NbiUr8Tszq3I=
#rddVFheiGtUzApNbvMRCnoXRZQvu4xuAtqZ2BV9dQYMsQMWyUkOhFPfNCjf8080=
#ALuTAGu/HtjG1AOgkr3pEBS/rF3RyUM6P7uCsv0NYf6rKbRY9vYuGatG2rMRAHw=
#nSqiIqDeH3LsyWAcFUdCxoeq+JLLehETmHsykoJHEFJPBE2VRKApLK73te3h8FM=
#JQ5PavDUxsywW59bSfEODFv2aDm4cBB0x6ol5y7UZqSCkVehnQoGZL8ZVEjd7YQ=
#FPkxVaeUqdj9MFL7gEON/ba6R2B0E7cVeSOJo4+8AfVqsElMVbMeLBn3qkjc3Pg=
#7LbwW7jK/55uz1BvRx5kyytpM4Qy7RwTYwSLCcJ8A8gbITqxyQVhws8+cd62kBQ=
#smmwzTze6qrAd/qcjAkh9YHHeU36ZH2r7ujJCNMGBsEQCeWjS1oCHxtDBnySrlE=
#h6Ogkmf0eMKo3lbykcDDKbl2Zv26/jDf6pv8+5WXO+NR2MSDZGSbujWCmWDnT8Q=
#7EkoeOMqE1kbcYXe6hED9gv9r6LuizITzDgSB9ziTLTGLZXSnBI4p1hGJbJudf0=
#bHMDeu2JaFolYbYUrwcci43khMcp1WPFlimObEFVALf708S6Va4kyQqSfE04Frg=
#BRHeQAWWMgmgmmNDBtnW/lb0ZrJKK/Xe7yiwDPqSc3GFXtTHPJUZOJsZDp3DzGA=
#kOFdumBU+E0WGr6M7X+Ff0GtxrYjA/LpXnip0JeWXAPfF03dVhCendN7+aP/cSA=
#XFt8BwAuK8o/QFUzsihhq+sUBZmbIyUX+6VQz9i9SQmMJPQ6Gx3ot9noroee3Aw=
#WXgRz7K/lfL5WhFN2yEgg3EnzffrnEvcVtPeKD7xLyjxunFP1uMAvylB1i2d2Sk=
#DUo+2MfIlFM9udIPJbCZoV0afThlIAON8xM+beRlJkLD0U13QgioCvKLfnZCqCA=
#1tXzliyruWXYu/6Tw5akm4XaaiRPSrFQIgey9xOT6ZHJmO1py//HdB+2k4Z3dqU=
#c/MvNzeSB/1mWZPxZ43TzSoF54/iZw4x19zjv/VljvU8NGxJYaTPCdyyp6x7Ztw=
#XrfMDPdZouDu7Iv+o/F2IIb0YnGOHGn0yQ8arnjF3kPp58oa9HBPqTmRJANAn+U=
#Dz9sjCrzyPezbPioB5IyTgk5Mdp5V4L25T2/0m4SbT+NrPL/g2fycVrVwxlHxgw=
#qX4/3It69TzuEIQTswYgRptalmmoRFpWqBtrwciMjxEVi6qLYo3DaRmdhz7xgvo=
#VxQ3H30Z2+M4KtSSktwRIBv49ehVO/DIxyhy3X1bxMYOrIZgG37ftU10lb5PyAg=",https://solenelife.com/products/winking-spidey-mask-moving-eye-hero-mask,,9/28/2026,I,Batch # 1- 3 
The Pawcket Hoodie,"https://www.tiktok.com/@carrymypawhoodie/video/7690229775885028640
https://www.tiktok.com/@carrymypawhoodie/video/7689892847876721942
https://www.tiktok.com/@carrymypawhoodie/video/7689488792327179523
https://www.tiktok.com/@carrymypawhoodie/video/7687747969155681568
https://www.tiktok.com/@carrymypawhoodie/video/7687358903520087328
https://www.tiktok.com/@carrymypawhoodie/video/7687057763465186592
https://www.tiktok.com/@carrymypawhoodie/video/7686641065452997920
https://www.tiktok.com/@carrymypawhoodie/video/7686501528248536342
https://www.tiktok.com/@carrymypawhoodie/video/7686199981425970454
https://www.tiktok.com/@carrymypawhoodie/video/7685950082591624480
https://www.tiktok.com/@carrymypawhoodie/video/7685949153439943969
https://www.tiktok.com/@carrymypawhoodie/video/7685346398555917601
https://www.tiktok.com/@carrymypawhoodie/video/7685103522513243424
https://www.tiktok.com/@carrymypawhoodie/video/7684748372770557216
https://www.tiktok.com/@carrymypawhoodie/video/7684639002216926497
https://www.tiktok.com/@tiny.tales4476/video/7690395774051536141
https://www.tiktok.com/@tiny.tales4476/video/7690387347053104398
https://www.tiktok.com/@tiny.tales4476/video/7690374210186792206
https://www.tiktok.com/@tiny.tales4476/video/7689924389172825357
https://www.tiktok.com/@tiny.tales4476/video/7689917758766583054
https://www.tiktok.com/@tiny.tales4476/video/7689907703249898765
https://www.tiktok.com/@tiny.tales4476/video/7689875680380652814
https://www.tiktok.com/@tiny.tales4476/video/7689868220186053901
https://www.tiktok.com/@tiny.tales4476/video/7689846650122063118
https://www.tiktok.com/@tiny.tales4476/video/7689428550855822606
https://www.tiktok.com/@tiny.tales4476/video/7689293431176269070
https://www.tiktok.com/@tiny.tales4476/video/7689288095887281421
https://www.tiktok.com/@tiny.tales4476/video/7689271693080136973
https://www.tiktok.com/@tiny.tales4476/video/7689261939720981773
https://www.tiktok.com/@tiny.tales4476/video/7689237632534220045
https://www.tiktok.com/@tiny.tales4476/video/7689101245310668046
https://www.tiktok.com/@tiny.tales4476/video/7688930872837278989
https://www.tiktok.com/@tiny.tales4476/video/7688909131197025550
https://www.tiktok.com/@tiny.tales4476/video/7688900367727250702
https://www.tiktok.com/@tiny.tales4476/video/7688519133998206222
https://www.tiktok.com/@tiny.tales4476/video/7686215352132406542
https://www.tiktok.com/@tiny.tales4476/video/7686207031250029838
https://www.tiktok.com/@tiny.tales4476/video/7686198757066558734
https://www.tiktok.com/@tiny.tales4476/video/7685946088074841357
https://www.tiktok.com/@tiny.tales4476/video/7685622021685792014
https://www.tiktok.com/@tiny.tales4476/video/7685511650794835214
https://www.tiktok.com/@tiny.tales4476/video/7685428989594193166
https://www.tiktok.com/@tiny.tales4476/video/7685408514365328654
https://www.tiktok.com/@tiny.tales4476/video/7685225385772027150
https://www.tiktok.com/@tiny.tales4476/video/7685210958721060110
https://www.tiktok.com/@tiny.tales4476/video/7685166325605453069
https://www.tiktok.com/@tiny.tales4476/video/7685083471521565965
https://www.tiktok.com/@tiny.tales4476/video/7684864736181226766
https://www.tiktok.com/@tiny.tales4476/video/7684825264018263310
https://www.tiktok.com/@tiny.tales4476/video/7684487538492361998
https://www.tiktok.com/@tiny.tales4476/video/7684475652526853390
https://www.tiktok.com/@tiny.tales4476/video/7684466821575052557
https://www.tiktok.com/@tiny.tales4476/video/7684416553680391437
https://www.tiktok.com/@tiny.tales4476/video/7684329004567989517
https://www.tiktok.com/@tiny.tales4476/video/7684093689701879054
https://www.tiktok.com/@tiny.tales4476/video/7683753922397261070
https://www.tiktok.com/@tiny.tales4476/video/7683745763167423758
https://www.tiktok.com/@tiny.tales4476/video/7683227526788959502
https://www.tiktok.com/@tiny.tales4476/video/7683193023630494990
https://www.tiktok.com/@tiny.tales4476/video/7683183747742600462
https://www.tiktok.com/@tiny.tales4476/video/7682942036202376461
https://www.tiktok.com/@tiny.tales4476/video/7682905373354757390
https://www.tiktok.com/@tiny.tales4476/video/7682895709372271885
https://www.tiktok.com/@tiny.tales4476/video/7682822109478849806
https://www.tiktok.com/@tiny.tales4476/video/7682816472028122382
https://www.tiktok.com/@tiny.tales4476/video/7682633984152538382
https://www.tiktok.com/@tiny.tales4476/video/7682232816809118990
https://www.tiktok.com/@tiny.tales4476/video/7682207242803744013
https://www.tiktok.com/@tiny.tales4476/video/7682197404723989774
https://www.tiktok.com/@tiny.tales4476/video/7682171031938698510
https://www.tiktok.com/@tiny.tales4476/video/7682049578761309454
https://www.tiktok.com/@tiny.tales4476/video/7682042630783470861
https://www.tiktok.com/@tiny.tales4476/video/7681784272402877710
https://www.tiktok.com/@tiny.tales4476/video/7681748804906863886
https://www.tiktok.com/@tiny.tales4476/video/7681703491244461326
https://www.tiktok.com/@tiny.tales4476/video/7681700495806745870
https://www.tiktok.com/@tiny.tales4476/video/7681382094399868174
https://www.tiktok.com/@tiny.tales4476/video/7681375037714189581
https://www.tiktok.com/@tiny.tales4476/video/7681362653855370510
https://www.tiktok.com/@tiny.tales4476/video/7681353717572062477
https://www.tiktok.com/@tiny.tales4476/video/7681345072591310094
https://www.tiktok.com/@tiny.tales4476/video/7681170985076280590
https://www.tiktok.com/@tiny.tales4476/video/7681084160085118222
https://www.tiktok.com/@tiny.tales4476/video/7680946045827763470
https://www.tiktok.com/@tiny.tales4476/video/7680743148913495310
https://www.tiktok.com/@tiny.tales4476/video/7680709853966388494
https://www.tiktok.com/@tiny.tales4476/video/7680679484340587789
https://www.tiktok.com/@tiny.tales4476/video/7680671876456238350
https://www.tiktok.com/@tiny.tales4476/video/7680561478855871757
https://www.tiktok.com/@pawcketclub/video/7690451203506834701
https://www.tiktok.com/@pawcketclub/video/7690451040784764173
https://www.tiktok.com/@pawcketclub/video/7690446836502416654
https://www.tiktok.com/@pawcketclub/video/7690081876375112973
https://www.tiktok.com/@pawcketclub/video/7689917037040160013
https://www.tiktok.com/@pawcketclub/video/7689713039502757134
https://www.tiktok.com/@pawcketclub/video/7689710627035548942
https://www.tiktok.com/@pawcketclub/video/7689596387461270797
https://www.tiktok.com/@pawcketclub/video/7689582467564637454
https://www.tiktok.com/@pawcketclub/video/7689549969967090957
https://www.tiktok.com/@pawcketclub/video/7689260008856423693
https://www.tiktok.com/@pawcketclub/video/7689168234628599054
https://www.tiktok.com/@pawcketclub/video/7689166486488861966
https://www.tiktok.com/@pawcketclub/video/7689159612146240782
https://www.tiktok.com/@pawcketclub/video/7688855016106396942
https://www.tiktok.com/@pawcketclub/video/7688846333276327181
https://www.tiktok.com/@pawcketclub/video/7688830811621051662
https://www.tiktok.com/@pawcketclub/video/7688806467801058574
https://www.tiktok.com/@pawcketclub/video/7688771259353533709
https://www.tiktok.com/@pawcketclub/video/7688617032253754637
https://www.tiktok.com/@pawcketclub/video/7688568953899109645
https://www.tiktok.com/@pawcketclub/video/7688438390924053773
https://www.tiktok.com/@pawcketclub/video/7688209962480241933
https://www.tiktok.com/@pawcketclub/video/7688202723459714318
https://www.tiktok.com/@pawcketclub/video/7688190499475246350
https://www.tiktok.com/@pawcketclub/video/7688186736958082318
https://www.tiktok.com/@pawcketclub/video/7687785179183598861
https://www.tiktok.com/@pawcketclub/video/7687785062896635149
https://www.tiktok.com/@pawcketclub/video/7687785025764461837
https://www.tiktok.com/@pawcketclub/video/7687781884041940238
https://www.tiktok.com/@pawcketclub/video/7687654815735762190
https://www.tiktok.com/@pawcketclub/video/7687412743086804238
https://www.tiktok.com/@pawcketclub/video/7687388012925242637
https://www.tiktok.com/@pawcketclub/video/7687316694032731406
https://www.tiktok.com/@pawcketclub/video/7687313651144920334
https://www.tiktok.com/@pawcketclub/video/7687058335740284174
https://www.tiktok.com/@pawcketclub/video/7687044046254034189
https://www.tiktok.com/@pawcketclub/video/7686919358127312141
https://www.tiktok.com/@pawcketclub/video/7686915411933236494
https://www.tiktok.com/@pawcketclub/video/7686717684968377614
https://www.tiktok.com/@pawcketclub/video/7686707672799792398
https://www.tiktok.com/@pawcketclub/video/7686686911758437646
https://www.tiktok.com/@pawcketclub/video/7686619636133022989
https://www.tiktok.com/@pawcketclub/video/7686360136859782413
https://www.tiktok.com/@pawcketclub/video/7686347270828199182
https://www.tiktok.com/@pawcketclub/video/7686287260068695310
https://www.tiktok.com/@pawcketclub/video/7686286069343603982
https://www.tiktok.com/@pawcketclub/video/7685918332356136205
https://www.tiktok.com/@pawcketclub/video/7685903246031932686
https://www.tiktok.com/@pawcketclub/video/7685895007978540302
https://www.tiktok.com/@pawcketclub/video/7685892737522093326
https://www.tiktok.com/@pawcketclub/video/7685836379711966477
https://www.tiktok.com/@pawcketclub/video/7685555477723254029
https://www.tiktok.com/@pawcketclub/video/7685535307327868174
https://www.tiktok.com/@pawcketclub/video/7685523133117336845
https://www.tiktok.com/@pawcketclub/video/7685454325849672974
https://www.tiktok.com/@pawcketclub/video/7685446792284065038
https://www.tiktok.com/@pawcketclub/video/7685232260236233997
https://www.tiktok.com/@pawcketclub/video/7685197791810882829
https://www.tiktok.com/@pawcketclub/video/7685174620428733710
https://www.tiktok.com/@pawcketclub/video/7685162258363714829
https://www.tiktok.com/@pawcketclub/video/7684864132734045454
https://www.tiktok.com/@pawcketclub/video/7684807109917019405
https://www.tiktok.com/@pawcketclub/video/7684806769612311822
https://www.tiktok.com/@pawcketclub/video/7684804705783975182
https://www.tiktok.com/@pawcketclub/video/7684775786171157773
https://www.tiktok.com/@pawcketclub/video/7684648048462417166
https://www.tiktok.com/@pawcketclub/video/7684469117935570189
https://www.tiktok.com/@pawcketclub/video/7684453381317987598
https://www.tiktok.com/@pawcketclub/video/7684315228183596302
https://www.tiktok.com/@pawcketclub/video/7684311979359620366
https://www.tiktok.com/@pawcketclub/video/7684094293555924237
https://www.tiktok.com/@pawcketclub/video/7684068811024141581
https://www.tiktok.com/@pawcketclub/video/7684040650488106254
https://www.tiktok.com/@pawcketclub/video/7683800940230610206
https://www.tiktok.com/@pawcketclub/video/7683792405262339342
https://www.tiktok.com/@pawcketclub/video/7677648689669606670
https://www.tiktok.com/@pawcketclub/video/7677648567061843214
https://www.tiktok.com/@pawcketclub/video/7677619184586591502
https://www.tiktok.com/@pawcketclub/video/7677408827490307342
https://www.tiktok.com/@pawcketclub/video/7677287851784015118
https://www.tiktok.com/@pawcketclub/video/7664411101374778637
https://www.tiktok.com/@pawcketclub/video/7664106350850379022
https://www.tiktok.com/@pawcketclub/video/7664104207867202829
https://www.tiktok.com/@pawcketclub/video/7664041701975051534
https://www.tiktok.com/@pawcketclub/video/7663683949692013837
https://www.tiktok.com/@pawcketclub/video/7663681332920274190
https://www.tiktok.com/@pawcketclub/video/7663588220604583181
https://www.tiktok.com/@pawcketclub/video/7663375575377136910
https://www.tiktok.com/@pawcketclub/video/7663372485408066830
https://www.tiktok.com/@pawcketclub/video/7663369302300577038
https://www.tiktok.com/@pawcketclub/video/7662912965603101966
https://www.tiktok.com/@pawcketclub/video/7662857639956614414
https://www.tiktok.com/@pawcketclub/video/7662602790375542029
https://www.tiktok.com/@pawcketclub/video/7662502267395919117
https://www.tiktok.com/@pawcketclub/video/7662469458673339661
https://www.tiktok.com/@pawcketclub/video/7662217487735475469",https://pawcket.store/products/cat,,"Sale Price: $39.90
Comparison Price: $79.80
Offer: Bogo",Algo,Ready for launch,Ready for launch,,,https://solenelife.com/products/the-pawcket-hoodie-pet-pouch-hoodie-for-cats-small-dogs,,,I,
Lace Halloween Tumbler | 40 Oz,"https://vm.tiktok.com/ZN8rmHBgS/

https://vm.tiktok.com/ZN8rmA5dV/

https://vm.tiktok.com/ZN8rmkH6L/

https://vm.tiktok.com/ZN8rmYgAn/

https://vm.tiktok.com/ZN8rmfcrR/

https://vm.tiktok.com/ZN8rmaetX/

https://vm.tiktok.com/ZN8rmFXKJ/

https://vm.tiktok.com/ZN8rmAheU/

https://vm.tiktok.com/ZN8rmah1S/

https://vm.tiktok.com/ZN8rmAK6a/

https://vm.tiktok.com/ZN8rmkkGJ/

https://vm.tiktok.com/ZN8rmjPGF/

https://vm.tiktok.com/ZN8rmadFT/

https://vm.tiktok.com/ZN8rm5oNW/

https://vm.tiktok.com/ZN8rmFXBS/

https://vm.tiktok.com/ZN8rmyvSu/

https://vm.tiktok.com/ZN8rmURye/

https://vm.tiktok.com/ZN8rmB4jn/

https://vm.tiktok.com/ZN8rmajv5/

https://vm.tiktok.com/ZN8rm62fK/

https://vm.tiktok.com/ZN8rmxwWu/

https://vm.tiktok.com/ZN8rmFAff/

https://vm.tiktok.com/ZN8rmxTXG/

https://vm.tiktok.com/ZN8rmP7Th/

https://vm.tiktok.com/ZN8rmrN8f/

https://vm.tiktok.com/ZN8rmyKyA/

https://vm.tiktok.com/ZN8rm2L7M/

https://vm.tiktok.com/ZN8rm5Uph/

https://vm.tiktok.com/ZN8rmUM1t/

","https://www.stanley1913.com/products/halloween-quencher%C2%AE-h2-0-flowstate%E2%84%A2-tumbler-40-oz?variant=53974578037096 
https://www.stanley1913.com/products/halloween-quencher%C2%AE-h2-0-flowstate%E2%84%A2-tumbler-40-oz?variant=53974578069864 ",,"Sale Price: $39.90
Comparison Price: $79.80
Offer: Bogo",Algo,Ready for launch,Ready for launch,,,https://solenelife.com/products/lace-halloween-tumbler-40-oz,,,J,
Heavenly Nativity Set,"https://vm.tiktok.com/ZN8ruCgKc/

https://vm.tiktok.com/ZN8rug4tY/

https://vm.tiktok.com/ZN8ruTmGm/

https://vm.tiktok.com/ZN8ruqFyq/

https://vm.tiktok.com/ZN8ruTGAW/

https://vm.tiktok.com/ZN8ruW5g8/

https://vm.tiktok.com/ZN8ruwHHd/

https://vm.tiktok.com/ZN8rup6nP/

https://vm.tiktok.com/ZN8ru7Lxx/

https://vm.tiktok.com/ZN8ru3Bq8/

https://vm.tiktok.com/ZN8rubN5c/

https://vm.tiktok.com/ZN8ru7kT1/

https://vm.tiktok.com/ZN8ruGGnn/

https://vm.tiktok.com/ZN8rutVPg/

https://vm.tiktok.com/ZN8ruxds8/

https://vm.tiktok.com/ZN8rushcT/

https://vm.tiktok.com/ZN8runXPe/

https://vm.tiktok.com/ZN8ru9Q17/

https://vm.tiktok.com/ZN8ruWQ1q/

https://vm.tiktok.com/ZN8ruc7A8/

https://vm.tiktok.com/ZN8rug6L3/

https://vm.tiktok.com/ZN8run5kj/

https://vm.tiktok.com/ZN8runjNp/

https://vm.tiktok.com/ZN8ruvfdw/

https://vm.tiktok.com/ZN8ruCfSu/

https://vm.tiktok.com/ZN8ruTxWc/

https://vm.tiktok.com/ZN8ruKPKP/

https://vm.tiktok.com/ZN8ruWxyR/

https://www.instagram.com/amenbricks.shop/reel/Dd0DV9mslou/
https://www.instagram.com/amenbricks.shop/reel/Ddz2gUcsRtb/
https://www.instagram.com/amenbricks.shop/reel/DdzzAU6sfX_/
https://www.instagram.com/amenbricks.shop/reel/Ddzy9wAsjRg/
https://www.instagram.com/amenbricks.shop/reel/DdzdgTUs4DU/
https://www.instagram.com/amenbricks.shop/reel/DdyR5O7MlBq/
https://www.instagram.com/amenbricks.shop/reel/DdyGUrkMIuo/
https://www.instagram.com/amenbricks.shop/reel/DdyF3aCME03/
https://www.instagram.com/amenbricks.shop/reel/DdyCicKMfDf/
https://www.instagram.com/amenbricks.shop/reel/DdxEcoQs_mM/
https://www.instagram.com/amenbricks.shop/reel/DdxEXP1s7xi/
https://www.instagram.com/amenbricks.shop/reel/Ddw9XUmM3TC/
https://www.instagram.com/amenbricks.shop/reel/Ddw8hTTMcHB/
https://www.instagram.com/amenbricks.shop/reel/Ddw6TMssiUD/
https://www.instagram.com/amenbricks.shop/reel/Ddw1YvlMqBA/
https://www.instagram.com/amenbricks.shop/reel/Ddw1V0uMinB/
https://www.instagram.com/amenbricks.shop/reel/Ddw1T9rscKn/
https://www.instagram.com/amenbricks.shop/reel/Ddw0SrVMuJP/
https://www.instagram.com/amenbricks.shop/reel/Ddwwf1dsFp2/
https://www.instagram.com/amenbricks.shop/reel/DdwrD1ssEXf/
https://www.instagram.com/amenbricks.shop/reel/DdwjmAJsVoN/
https://www.instagram.com/amenbricks.shop/reel/DdwfSPYsZmI/
https://www.instagram.com/amenbricks.shop/reel/DdwO0YWM8tp/
https://www.instagram.com/amenbricks.shop/reel/DdugUUBsI8G/
https://www.instagram.com/amenbricks.shop/reel/DdufIGqML6S/
https://www.instagram.com/amenbricks.shop/reel/DdubFKqMvEN/
https://www.instagram.com/amenbricks.shop/reel/DduXU9TMvpQ/
https://www.instagram.com/amenbricks.shop/reel/DduWyjmsAm8/
https://www.instagram.com/amenbricks.shop/reel/DduWIJMsSDH/
https://www.instagram.com/amenbricks.shop/reel/DduU42xMCjC/
https://www.instagram.com/amenbricks.shop/reel/DduTnHLsvch/
https://www.instagram.com/amenbricks.shop/reel/DduR_4IMJ7U/
https://www.instagram.com/amenbricks.shop/reel/DduRo-qsjJz/
https://www.instagram.com/amenbricks.shop/reel/DduLAjMsogJ/
https://www.instagram.com/amenbricks.shop/reel/DduK6mhMnCg/
https://www.instagram.com/amenbricks.shop/reel/DduCOK2MzBM/
https://www.instagram.com/amenbricks.shop/reel/DdtsaaCstb8/
https://www.instagram.com/amenbricks.shop/reel/Dds_cluMtm_/
https://www.instagram.com/amenbricks.shop/reel/Dds7y2WsHW7/
https://www.instagram.com/amenbricks.shop/reel/DdrynFSst-B/
https://www.instagram.com/amenbricks.shop/reel/Ddq45KUs0kD/
https://www.instagram.com/amenbricks.shop/reel/Ddq34I7sEQO/
https://www.instagram.com/amenbricks.shop/reel/Ddq3a6hM3z7/
https://www.instagram.com/amenbricks.shop/reel/Ddplddlse3e/
https://www.instagram.com/amenbricks.shop/reel/Ddpaq32MaQ2/
https://www.instagram.com/amenbricks.shop/reel/Ddpan6rM-Yb/
https://www.instagram.com/amenbricks.shop/reel/DdpamiTsF-P/
https://www.instagram.com/amenbricks.shop/reel/DdpZWSyM6cr/
https://www.instagram.com/amenbricks.shop/reel/DdpYnI-MSIn/
https://www.instagram.com/amenbricks.shop/reel/DdpXvnaMJS-/
https://www.instagram.com/amenbricks.shop/reel/DdpQOurso4d/
https://www.instagram.com/amenbricks.shop/reel/DdpLDTBsfPD/
https://www.instagram.com/amenbricks.shop/reel/DdpKwtns67M/
https://www.instagram.com/amenbricks.shop/reel/DdorWHSMzzR/
https://www.instagram.com/amenbricks.shop/reel/Ddn_ffeMFIp/
https://www.instagram.com/amenbricks.shop/reel/Ddn88UmsnLA/
https://www.instagram.com/amenbricks.shop/reel/Ddn6GPksier/
https://www.instagram.com/amenbricks.shop/reel/DdnF997MV0-/
https://www.instagram.com/amenbricks.shop/reel/DdnFqI6Mxa2/
https://www.instagram.com/amenbricks.shop/reel/DdnFLxHMKFy/
https://www.instagram.com/amenbricks.shop/reel/DdnCh_NMXv1/
https://www.instagram.com/amenbricks.shop/reel/DdnCKoCso23/
https://www.instagram.com/amenbricks.shop/reel/DdnB5NxsF0a/
https://www.instagram.com/amenbricks.shop/reel/Ddm9p4vMc19/
https://www.instagram.com/amenbricks.shop/reel/Ddmv7W9MA_q/
https://www.instagram.com/amenbricks.shop/reel/DdlqLSUsMSD/
https://www.instagram.com/amenbricks.shop/reel/Ddlpo0msCHP/
https://www.instagram.com/amenbricks.shop/reel/Ddlo4s6sZ9w/
https://www.instagram.com/amenbricks.shop/reel/DdlgACjsUSl/
https://www.instagram.com/amenbricks.shop/reel/DdlcIigsau8/
https://www.instagram.com/amenbricks.shop/reel/DdlZklKMFuS/
https://www.instagram.com/amenbricks.shop/reel/DdlRYijMGnW/
https://www.instagram.com/amenbricks.shop/reel/DdkWcJ0sb5k/
https://www.instagram.com/amenbricks.shop/reel/DdkSvD6MvgX/
https://www.instagram.com/amenbricks.shop/reel/DdkKBgOMrm1/
https://www.instagram.com/amenbricks.shop/reel/DdkD6HfskTZ/
https://www.instagram.com/amenbricks.shop/reel/DdkCuteseZz/
https://www.instagram.com/amenbricks.shop/reel/DdkB9r6MBbM/
https://www.instagram.com/amenbricks.shop/reel/Ddj_NamsPLx/
https://www.instagram.com/amenbricks.shop/reel/Ddj5Z7SM22-/
https://www.instagram.com/amenbricks.shop/reel/Ddj3fy7M0Qo/
https://www.instagram.com/amenbricks.shop/reel/Ddjw45ysFnT/
https://www.instagram.com/amenbricks.shop/reel/Ddjsx1PMlD0/
https://www.instagram.com/amenbricks.shop/reel/Ddi6LzVs0te/
https://www.instagram.com/amenbricks.shop/reel/Ddi3m2uMi27/
https://www.instagram.com/amenbricks.shop/reel/DdiwxvpsixX/
https://www.instagram.com/amenbricks.shop/reel/Ddiqc_IMD9y/
https://www.instagram.com/amenbricks.shop/reel/DdiqZt9sloT/
https://www.instagram.com/amenbricks.shop/reel/DdicSxdMioe/
https://www.instagram.com/amenbricks.shop/reel/DdhxBdWMiNc/
https://www.instagram.com/amenbricks.shop/reel/Ddhtzn9MJT9/
https://www.instagram.com/amenbricks.shop/reel/Ddhtwhvsk8w/
https://www.instagram.com/amenbricks.shop/reel/Ddhtty6swwZ/
https://www.instagram.com/amenbricks.shop/reel/DdhtsJvM0px/
https://www.instagram.com/amenbricks.shop/reel/DdhtpYOswwY/
https://www.instagram.com/amenbricks.shop/reel/DdhqGwKsOo_/
https://www.instagram.com/amenbricks.shop/reel/Ddhd1cQM5A5/
https://www.instagram.com/amenbricks.shop/reel/DdhIInVscXy/
https://www.instagram.com/amenbricks.shop/reel/Ddg_SkqswQO/
https://www.instagram.com/amenbricks.shop/reel/DdguGW8sV5G/
https://www.instagram.com/amenbricks.shop/reel/DdgoKyEs91o/
https://www.instagram.com/amenbricks.shop/reel/DdgWk1tMz0I/
https://www.instagram.com/amenbricks.shop/reel/DdfPb5MME7x/
https://www.instagram.com/amenbricks.shop/reel/DdfCST7MMpD/
https://www.instagram.com/amenbricks.shop/reel/DdeevnUMGwT/
https://www.instagram.com/amenbricks.shop/reel/DdecATUM6Xe/
https://www.instagram.com/amenbricks.shop/reel/DdeZ1wvMSDr/
https://www.instagram.com/amenbricks.shop/reel/DdeQKO-sZPy/
https://www.instagram.com/amenbricks.shop/reel/DdeMqm_sa92/
https://www.instagram.com/amenbricks.shop/reel/Ddd0amQM7Sj/
https://www.instagram.com/amenbricks.shop/reel/DddxfcQMjOk/
https://www.instagram.com/amenbricks.shop/reel/DdduUebMVN2/
https://www.instagram.com/amenbricks.shop/reel/Dddr7wcMCEc/
https://www.instagram.com/amenbricks.shop/reel/Dddrh_FsLp9/
https://www.instagram.com/amenbricks.shop/reel/DddrFFmsOIC/
https://www.instagram.com/amenbricks.shop/reel/DddqgzlsCbt/
https://www.instagram.com/amenbricks.shop/reel/DddfcbNslX1/
https://www.instagram.com/amenbricks.shop/reel/Dddd5M2Mpgk/
https://www.instagram.com/amenbricks.shop/reel/DdaRTvqI_l5/
https://www.instagram.com/amenbricks.shop/reel/DdVCdRasCio/
https://www.instagram.com/amenbricks.shop/reel/DdVCb31szbi/
https://www.instagram.com/amenbricks.shop/reel/DdVBrpfsv2q/
https://www.instagram.com/amenbricks.shop/reel/DdU9iHPsrD1/",https://www.heavenbricks.shop/products/amenbricks-nativity-set,,"Sale Price: $39.90
Comparison Price: $79.80
Offer: Bogo",Algo,Ready for launch,Ready for launch,,,https://solenelife.com/products/heavenly-nativity-set-24-day-brick-advent-calendar,,,I,
40 Oz Jack Skeleton Tumbler,"https://vm.tiktok.com/ZN8rH6akt/

https://vm.tiktok.com/ZN8rH2Lev/

https://vm.tiktok.com/ZN8rHSf7X/

https://vm.tiktok.com/ZN8rH63qJ/

https://vm.tiktok.com/ZN8rH6UVD/

https://vm.tiktok.com/ZN8rHND3H/

https://vm.tiktok.com/ZN8rHD74c/

https://vm.tiktok.com/ZN8rHDHkb/

https://vm.tiktok.com/ZN8rHdMXv/

https://vm.tiktok.com/ZN8rHRuAe/

https://vm.tiktok.com/ZN8ruEvDT/

https://vm.tiktok.com/ZN8ruEcY9/

https://vm.tiktok.com/ZN8rHLvak/

https://vm.tiktok.com/ZN8rHAfQ4/

https://vm.tiktok.com/ZN8rH2Ld9/

https://vm.tiktok.com/ZN8rHRVPN/

https://vm.tiktok.com/ZN8rHSxdW/

https://vm.tiktok.com/ZN8rH6kct/

https://vm.tiktok.com/ZN8rHJDN4/

https://vm.tiktok.com/ZN8rHyxXp/

https://vm.tiktok.com/ZN8rHMwdu/

https://vm.tiktok.com/ZN8ruoeoG/

https://vm.tiktok.com/ZN8rH1Sow/

https://vm.tiktok.com/ZN8rHJrno/

https://vm.tiktok.com/ZN8rHRGMr/

https://vm.tiktok.com/ZN8rHhWSm/

https://vm.tiktok.com/ZN8rH2dTQ/

https://vm.tiktok.com/ZN8rHhauk/

https://vm.tiktok.com/ZN8rHDfVF/

https://vm.tiktok.com/ZN8rHM2KL/

https://vm.tiktok.com/ZN8rHjxF4/

https://vm.tiktok.com/ZN8rH66m2/

https://vm.tiktok.com/ZN8rH6cmb/

https://vm.tiktok.com/ZN8ruocoD/

https://vm.tiktok.com/ZN8rHJw2N/

https://vm.tiktok.com/ZN8rHMvAF/

https://vm.tiktok.com/ZN8rHS1rg/

https://vm.tiktok.com/ZN8rHFSmc/

https://vm.tiktok.com/ZN8rHkdwh/

https://vm.tiktok.com/ZN8rHBCHV/

https://vm.tiktok.com/ZN8rH6jb7/

https://vm.tiktok.com/ZN8rHLbAe/

https://vm.tiktok.com/ZN8rHM5Qd/

https://vm.tiktok.com/ZN8rHDd8E/

https://vm.tiktok.com/ZN8rHykPE/

https://vm.tiktok.com/ZN8rHUH6x/

https://vm.tiktok.com/ZN8rHrKhR/

https://vm.tiktok.com/ZN8rHUhk3/

https://vm.tiktok.com/ZN8rHdbmj/

https://vm.tiktok.com/ZN8rHF3sj/

https://vm.tiktok.com/ZN8rH6cLq/

https://vm.tiktok.com/ZN8rHMnKQ/

https://vm.tiktok.com/ZN8rHB4ov/

https://vm.tiktok.com/ZN8rHdD6y/

https://vm.tiktok.com/ZN8rHNFK7/

https://vm.tiktok.com/ZN8rHdkUm/

https://vm.tiktok.com/ZN8rHrH61/

https://vm.tiktok.com/ZN8rHkXtK/

https://vm.tiktok.com/ZN8rH1cTE/

https://vm.tiktok.com/ZN8rH1tRn/

https://vm.tiktok.com/ZN8rH6K8p/
",https://iceekoo.com/collections/tumblers/products/jack?variant=44794335363142,,"Sale Price: $39.90
Comparison Price: $79.80
Offer: Bogo",Algo,Ready for launch,Ready for launch,,,https://solenelife.com/products/skeleton-tumbler-40-oz-glow-in-the-dark,,,I,
Jellycat Winter Collection 2026,https://www.tiktok.com/@claudettehg/video/7688825764325772557?q=jellycat%20haul%20new ,,,,Algo,N/A,,,,,,,Claude,
Hunger Games Sweater,https://www.tiktok.com/@itsraelynmelissa/video/7688875564890901791,,,,Algo,N/A,,,,,,,Claude,
Plaid & Simple Owala Bottle,https://www.tiktok.com/@tiffanyyxo/video/7684760036098182414,,,,Algo,,,,,,,,Claude,
Pokemon Owala Bottle,https://www.tiktok.com/@karlyybb/video/7686123755814292767?q=owala%20pokemon&t=1790547243682,,,,Algo,,,,,,,,Claude,
Jason Vorhees Popcorn Bucket,https://www.tiktok.com/@secretnatuhlicious/video/7688588139257924878,,,,Algo,,,,,,,,Claude,
LED Jack Skellington Popcorn Bucket,https://www.tiktok.com/@alexshutup/video/7689557861164190990?q=led%20jack%20skellington%20popcorn%20bucket&t=1790547516257,,,,Algo,,,,,,,,Claude,
Stanely Halloween Collection,https://www.tiktok.com/@meili_zzz/video/7682402641611083039?q=target%20halloween%20tumbler%20restock,,,,Algo,,,,,,,,Claude,
Avengers Popcorn Bucket Collection,https://www.tiktok.com/@cineworld/video/7688017242130369814?q=avengers%20popcorn%20buckets&t=1790547877429 ,,,,Algo,,,,,,,,Claude,
Coraline Blind Boxes,https://www.tiktok.com/@angelina.pj/video/7688037754852134177?q=coraline%20blindbox&t=1790548779036,,,,Algo,,,,,,,,Claude,